relationship_order,source,outcome,event_key,relationship_short_label,x_partial,fitted_y,ci95_low,ci95_high
0,cognition,pea_wiscv_tss,baselineYear1Arm1,WISC BL,-3.2254040096249876,-0.4174241260287025,-0.6300946099165051,-0.20475364214089983
0,cognition,pea_wiscv_tss,baselineYear1Arm1,WISC BL,-3.1971274937026224,-0.4137646464996861,-0.6247310717964583,-0.20279822120291394
0,cognition,pea_wiscv_tss,baselineYear1Arm1,WISC BL,-3.168850977780257,-0.41010516697066973,-0.6193689124409074,-0.2008414215004321
0,cognition,pea_wiscv_tss,baselineYear1Arm1,WISC BL,-3.140574461857892,-0.4064456874416533,-0.6140081657807637,-0.19888320910254295
0,cognition,pea_wiscv_tss,baselineYear1Arm1,WISC BL,-3.112297945935527,-0.40278620791263703,-0.608648866839948,-0.19692354898532602
0,cognition,pea_wiscv_tss,baselineYear1Arm1,WISC BL,-3.084021430013162,-0.3991267283836206,-0.6032910517784746,-0.19496240498876666
0,cognition,pea_wiscv_tss,baselineYear1Arm1,WISC BL,-3.0557449140907966,-0.39546724885460427,-0.5979347579375238,-0.19299973977168475
0,cognition,pea_wiscv_tss,baselineYear1Arm1,WISC BL,-3.0274683981684314,-0.39180776932558786,-0.592580023886603,-0.19103551476457264
0,cognition,pea_wiscv_tss,baselineYear1Arm1,WISC BL,-2.999191882246066,-0.38814828979657146,-0.5872268894729091,-0.18906969012023375
0,cognition,pea_wiscv_tss,baselineYear1Arm1,WISC BL,-2.970915366323701,-0.3844888102675551,-0.5818753958730045,-0.18710222466210574
0,cognition,pea_wiscv_tss,baselineYear1Arm1,WISC BL,-2.9426388504013357,-0.3808293307385387,-0.5765255856469316,-0.1851330758301458
0,cognition,pea_wiscv_tss,baselineYear1Arm1,WISC BL,-2.9143623344789704,-0.37716985120952234,-0.5711775027948952,-0.1831621996241495
0,cognition,pea_wiscv_tss,baselineYear1Arm1,WISC BL,-2.8860858185566056,-0.373510371680506,-0.5658311928166472,-0.18118955054436484
0,cognition,pea_wiscv_tss,baselineYear1Arm1,WISC BL,-2.8578093026342404,-0.36985089215148964,-0.5604867027737208,-0.17921508152925847
0,cognition,pea_wiscv_tss,baselineYear1Arm1,WISC BL,-2.829532786711875,-0.36619141262247323,-0.5551440813546671,-0.17723874389027933
0,cognition,pea_wiscv_tss,baselineYear1Arm1,WISC BL,-2.80125627078951,-0.3625319330934569,-0.5498033789434547,-0.17526048724345905
0,cognition,pea_wiscv_tss,baselineYear1Arm1,WISC BL,-2.7729797548671447,-0.3588724535644405,-0.5444646476912047,-0.17328025943767622
0,cognition,pea_wiscv_tss,baselineYear1Arm1,WISC BL,-2.7447032389447794,-0.3552129740354241,-0.5391279415914441,-0.17129800647940419
0,cognition,pea_wiscv_tss,baselineYear1Arm1,WISC BL,-2.7164267230224146,-0.35155349450640777,-0.5337933165590663,-0.16931367245374926
0,cognition,pea_wiscv_tss,baselineYear1Arm1,WISC BL,-2.6881502071000494,-0.3478940149773914,-0.5284608305132058,-0.16732719944157706
0,cognition,pea_wiscv_tss,baselineYear1Arm1,WISC BL,-2.659873691177684,-0.344234535448375,-0.5231305434642399,-0.16533852743251004
0,cognition,pea_wiscv_tss,baselineYear1Arm1,WISC BL,-2.631597175255319,-0.34057505591935866,-0.5178025176051467,-0.16334759423357062
0,cognition,pea_wiscv_tss,baselineYear1Arm1,WISC BL,-2.6033206593329536,-0.33691557639034225,-0.5124768174074584,-0.16135433537322608
0,cognition,pea_wiscv_tss,baselineYear1Arm1,WISC BL,-2.5750441434105884,-0.3332560968613259,-0.5071535097220693,-0.15935868400058248
0,cognition,pea_wiscv_tss,baselineYear1Arm1,WISC BL,-2.546767627488223,-0.3295966173323095,-0.5018326638851645,-0.1573605707794546
0,cognition,pea_wiscv_tss,baselineYear1Arm1,WISC BL,-2.518491111565858,-0.3259371378032931,-0.4965143518295574,-0.1553599237770288
0,cognition,pea_wiscv_tss,baselineYear1Arm1,WISC BL,-2.4902145956434927,-0.32227765827427673,-0.4911986482017401,-0.15335666834681339
0,cognition,pea_wiscv_tss,baselineYear1Arm1,WISC BL,-2.4619380797211274,-0.3186181787452603,-0.48588563048496314,-0.15135072700555752
0,cognition,pea_wiscv_tss,baselineYear1Arm1,WISC BL,-2.4336615637987626,-0.31495869921624403,-0.48057537912868786,-0.14934201930380017
0,cognition,pea_wiscv_tss,baselineYear1Arm1,WISC BL,-2.4053850478763974,-0.3112992196872276,-0.47526797768476625,-0.147330461689689
0,cognition,pea_wiscv_tss,baselineYear1Arm1,WISC BL,-2.377108531954032,-0.3076397401582113,-0.4699635129507302,-0.14531596736569236
0,cognition,pea_wiscv_tss,baselineYear1Arm1,WISC BL,-2.348832016031667,-0.30398026062919487,-0.4646620751205886,-0.14329844613780113
0,cognition,pea_wiscv_tss,baselineYear1Arm1,WISC BL,-2.3205555001093017,-0.3003207811001785,-0.4593637579435571,-0.1412778042567999
0,cognition,pea_wiscv_tss,baselineYear1Arm1,WISC BL,-2.292278984186937,-0.29666130157116216,-0.4540686588911671,-0.13925394425115725
0,cognition,pea_wiscv_tss,baselineYear1Arm1,WISC BL,-2.2640024682645716,-0.2930018220421458,-0.44877687933322613,-0.1372267647510655
0,cognition,pea_wiscv_tss,baselineYear1Arm1,WISC BL,-2.2357259523422064,-0.2893423425131294,-0.44348852472312916,-0.13519616030312964
0,cognition,pea_wiscv_tss,baselineYear1Arm1,WISC BL,-2.207449436419841,-0.28568286298411305,-0.43820370479304405,-0.13316202117518205
0,cognition,pea_wiscv_tss,baselineYear1Arm1,WISC BL,-2.179172920497476,-0.28202338345509664,-0.4329225337595265,-0.1311242331506668
0,cognition,pea_wiscv_tss,baselineYear1Arm1,WISC BL,-2.1508964045751107,-0.2783639039260803,-0.42764513054014686,-0.12908267731201373
0,cognition,pea_wiscv_tss,baselineYear1Arm1,WISC BL,-2.1226198886527454,-0.2747044243970639,-0.4223716189817417,-0.12703722981238605
0,cognition,pea_wiscv_tss,baselineYear1Arm1,WISC BL,-2.09434337273038,-0.27104494486804753,-0.4171021281009353,-0.12498776163515976
0,cognition,pea_wiscv_tss,baselineYear1Arm1,WISC BL,-2.066066856808015,-0.2673854653390311,-0.4118367923376054,-0.12293413834045688
0,cognition,pea_wiscv_tss,baselineYear1Arm1,WISC BL,-2.0377903408856497,-0.2637259858100147,-0.4065757518220042,-0.12087621979802524
0,cognition,pea_wiscv_tss,baselineYear1Arm1,WISC BL,-2.0095138249632845,-0.26006650628099837,-0.40131915265627405,-0.11881385990572269
0,cognition,pea_wiscv_tss,baselineYear1Arm1,WISC BL,-1.9812373090409197,-0.256407026751982,-0.39606714721113334,-0.11674690629283066
0,cognition,pea_wiscv_tss,baselineYear1Arm1,WISC BL,-1.9529607931185544,-0.25274754722296566,-0.3908198944385398,-0.11467520000739151
0,cognition,pea_wiscv_tss,baselineYear1Arm1,WISC BL,-1.9246842771961892,-0.2490880676939493,-0.38557756020117095,-0.1125985751867277
0,cognition,pea_wiscv_tss,baselineYear1Arm1,WISC BL,-1.896407761273824,-0.24542858816493293,-0.3803403176195922,-0.11051685871027367
0,cognition,pea_wiscv_tss,baselineYear1Arm1,WISC BL,-1.868131245351459,-0.24176910863591658,-0.3751083474380144,-0.10842986983381875
0,cognition,pea_wiscv_tss,baselineYear1Arm1,WISC BL,-1.8398547294290937,-0.2381096291069002,-0.3698818384095677,-0.10633741980423272
0,cognition,pea_wiscv_tss,baselineYear1Arm1,WISC BL,-1.8115782135067284,-0.23445014957788382,-0.36466098770204525,-0.10423931145372242
0,cognition,pea_wiscv_tss,baselineYear1Arm1,WISC BL,-1.7833016975843634,-0.23079067004886744,-0.35944600132508997,-0.10213533877264488
0,cognition,pea_wiscv_tss,baselineYear1Arm1,WISC BL,-1.7550251816619982,-0.22713119051985106,-0.354237094579812,-0.10002528645989014
0,cognition,pea_wiscv_tss,baselineYear1Arm1,WISC BL,-1.726748665739633,-0.22347171099083468,-0.3490344925318345,-0.09790892944983487
0,cognition,pea_wiscv_tss,baselineYear1Arm1,WISC BL,-1.6984721498172677,-0.2198122314618183,-0.34383843050876617,-0.09578603241487042
0,cognition,pea_wiscv_tss,baselineYear1Arm1,WISC BL,-1.6701956338949027,-0.21615275193280195,-0.3386491546230886,-0.09365634924251533
0,cognition,pea_wiscv_tss,baselineYear1Arm1,WISC BL,-1.6419191179725374,-0.21249327240378557,-0.3334669223214268,-0.09151962248614436
0,cognition,pea_wiscv_tss,baselineYear1Arm1,WISC BL,-1.6136426020501722,-0.2088337928747692,-0.3282920029611362,-0.08937558278840219
0,cognition,pea_wiscv_tss,baselineYear1Arm1,WISC BL,-1.585366086127807,-0.2051743133457528,-0.32312467841508447,-0.08722394827642116
0,cognition,pea_wiscv_tss,baselineYear1Arm1,WISC BL,-1.557089570205442,-0.20151483381673646,-0.3179652437054357,-0.08506442392803722
0,cognition,pea_wiscv_tss,baselineYear1Arm1,WISC BL,-1.5288130542830767,-0.19785535428772008,-0.3128140076671458,-0.08289670090829439
0,cognition,pea_wiscv_tss,baselineYear1Arm1,WISC BL,-1.5005365383607114,-0.1941958747587037,-0.3076712936417519,-0.08072045587565552
0,cognition,pea_wiscv_tss,baselineYear1Arm1,WISC BL,-1.4722600224383462,-0.19053639522968732,-0.3025374402018794,-0.07853535025749524
0,cognition,pea_wiscv_tss,baselineYear1Arm1,WISC BL,-1.4439835065159812,-0.18687691570067097,-0.29741280190669084,-0.07634102949465112
0,cognition,pea_wiscv_tss,baselineYear1Arm1,WISC BL,-1.415706990593616,-0.1832174361716546,-0.29229775008825815,-0.07413712225505104
0,cognition,pea_wiscv_tss,baselineYear1Arm1,WISC BL,-1.3874304746712507,-0.1795579566426382,-0.287192673668544,-0.07192323961673243
0,cognition,pea_wiscv_tss,baselineYear1Arm1,WISC BL,-1.3591539587488857,-0.17589847711362186,-0.28209798000632036,-0.06969897422092333
0,cognition,pea_wiscv_tss,baselineYear1Arm1,WISC BL,-1.3308774428265204,-0.17223899758460548,-0.2770140957729307,-0.0674638993962803
0,cognition,pea_wiscv_tss,baselineYear1Arm1,WISC BL,-1.3026009269041552,-0.1685795180555891,-0.2719414678552979,-0.06521756825588032
0,cognition,pea_wiscv_tss,baselineYear1Arm1,WISC BL,-1.27432441098179,-0.1649200385265727,-0.2668805642839916,-0.0629595127691538
0,cognition,pea_wiscv_tss,baselineYear1Arm1,WISC BL,-1.246047895059425,-0.16126055899755634,-0.2618318751834772,-0.060689242811635444
0,cognition,pea_wiscv_tss,baselineYear1Arm1,WISC BL,-1.2177713791370595,-0.15760107946853993,-0.2567959137408704,-0.05840624519620949
0,cognition,pea_wiscv_tss,baselineYear1Arm1,WISC BL,-1.1894948632146947,-0.1539415999395236,-0.25177321718859685,-0.056109982690450366
0,cognition,pea_wiscv_tss,baselineYear1Arm1,WISC BL,-1.1612183472923294,-0.15028212041050723,-0.24676434779529896,-0.0537998930257155
0,cognition,pea_wiscv_tss,baselineYear1Arm1,WISC BL,-1.1329418313699642,-0.14662264088149085,-0.24176989385812478,-0.05147538790485692
0,cognition,pea_wiscv_tss,baselineYear1Arm1,WISC BL,-1.104665315447599,-0.14296316135247447,-0.23679047068816805,-0.049135852016780904
0,cognition,pea_wiscv_tss,baselineYear1Arm1,WISC BL,-1.0763887995252337,-0.1393036818234581,-0.23182672157929252,-0.04678064206762368
0,cognition,pea_wiscv_tss,baselineYear1Arm1,WISC BL,-1.0481122836028685,-0.1356442022944417,-0.22687931874885817,-0.04440908584002526
0,cognition,pea_wiscv_tss,baselineYear1Arm1,WISC BL,-1.0198357676805032,-0.13198472276542533,-0.22194896423696545,-0.04202048129388522
0,cognition,pea_wiscv_tss,baselineYear1Arm1,WISC BL,-0.991559251758138,-0.12832524323640895,-0.2170363907487462,-0.03961409572407171
0,cognition,pea_wiscv_tss,baselineYear1Arm1,WISC BL,-0.9632827358357732,-0.12466576370739263,-0.2121423624219584,-0.037189164992826845
0,cognition,pea_wiscv_tss,baselineYear1Arm1,WISC BL,-0.9350062199134079,-0.12100628417837625,-0.2072676754996975,-0.03474489285705501
0,cognition,pea_wiscv_tss,baselineYear1Arm1,WISC BL,-0.9067297039910427,-0.11734680464935984,-0.20241315888544126,-0.032280450413278414
0,cognition,pea_wiscv_tss,baselineYear1Arm1,WISC BL,-0.8784531880686774,-0.11368732512034346,-0.19757967455492717,-0.029794975685759756
0,cognition,pea_wiscv_tss,baselineYear1Arm1,WISC BL,-0.8501766721463122,-0.11002784559132708,-0.19276811779656905,-0.02728757338608513
0,cognition,pea_wiscv_tss,baselineYear1Arm1,WISC BL,-0.821900156223947,-0.1063683660623107,-0.18797941724931727,-0.024757314875304137
0,cognition,pea_wiscv_tss,baselineYear1Arm1,WISC BL,-0.7936236403015817,-0.10270888653329432,-0.18321453470412957,-0.02220323836245909
0,cognition,pea_wiscv_tss,baselineYear1Arm1,WISC BL,-0.7653471243792169,-0.099049407004278,-0.17847446463266026,-0.019624349375895758
0,cognition,pea_wiscv_tss,baselineYear1Arm1,WISC BL,-0.7370706084568517,-0.09538992747526162,-0.17376023340451524,-0.017019621546007987
0,cognition,pea_wiscv_tss,baselineYear1Arm1,WISC BL,-0.7087940925344864,-0.09173044794624524,-0.1690728981526177,-0.014387997739872788
0,cognition,pea_wiscv_tss,baselineYear1Arm1,WISC BL,-0.6805175766121212,-0.08807096841722886,-0.16441354524505825,-0.011728391589399478
0,cognition,pea_wiscv_tss,baselineYear1Arm1,WISC BL,-0.652241060689756,-0.08441148888821248,-0.15978328832147726,-0.009039689454947722
0,cognition,pea_wiscv_tss,baselineYear1Arm1,WISC BL,-0.6239645447673907,-0.0807520093591961,-0.1551832658527619,-0.0063207528656303025
0,cognition,pea_wiscv_tss,baselineYear1Arm1,WISC BL,-0.5956880288450255,-0.07709252983017972,-0.15061463818488555,-0.0035704214754739005
0,cognition,pea_wiscv_tss,baselineYear1Arm1,WISC BL,-0.5674115129226602,-0.07343305030116334,-0.14607858403131538,-0.0007875165710113097
0,cognition,pea_wiscv_tss,baselineYear1Arm1,WISC BL,-0.5391349970002954,-0.06977357077214702,-0.1415762963838092,0.002029154839515143
0,cognition,pea_wiscv_tss,baselineYear1Arm1,WISC BL,-0.5108584810779302,-0.06611409124313064,-0.13710897781882753,0.004880795332566232
0,cognition,pea_wiscv_tss,baselineYear1Arm1,WISC BL,-0.48258196515556495,-0.06245461171411425,-0.132677835186381,0.007768611758152494
0,cognition,pea_wiscv_tss,baselineYear1Arm1,WISC BL,-0.4543054492331997,-0.05879513218509787,-0.12828407368000908,0.01069380930981334
0,cognition,pea_wiscv_tss,baselineYear1Arm1,WISC BL,-0.42602893331083447,-0.05513565265608149,-0.12392889030076504,0.013657584988602062
0,cognition,pea_wiscv_tss,baselineYear1Arm1,WISC BL,-0.3977524173884692,-0.05147617312706511,-0.11961346674443775,0.016661120490307532
0,cognition,pea_wiscv_tss,baselineYear1Arm1,WISC BL,-0.369475901466104,-0.04781669359804872,-0.11533896175951991,0.019705574563422472
0,cognition,pea_wiscv_tss,baselineYear1Arm1,WISC BL,-0.3411993855437392,-0.0441572140690324,-0.11110650304320024,0.022792074905135455
0,cognition,pea_wiscv_tss,baselineYear1Arm1,WISC BL,-0.31292286962137394,-0.04049773454001602,-0.10691717876330858,0.025921709683276555
0,cognition,pea_wiscv_tss,baselineYear1Arm1,WISC BL,-0.2846463536990087,-0.03683825501099964,-0.10277202881489278,0.029095518792893495
0,cognition,pea_wiscv_tss,baselineYear1Arm1,WISC BL,-0.25636983777664346,-0.03317877548198326,-0.09867203594000479,0.032314484976038275
0,cognition,pea_wiscv_tss,baselineYear1Arm1,WISC BL,-0.22809332185427822,-0.029519295952966873,-0.09461811685725806,0.03557952495132431
0,cognition,pea_wiscv_tss,baselineYear1Arm1,WISC BL,-0.19981680593191298,-0.025859816423950494,-0.0906111135626422,0.03889148071474122
0,cognition,pea_wiscv_tss,baselineYear1Arm1,WISC BL,-0.17154029000954774,-0.02220033689493411,-0.0866517849738155,0.04225111118394727
0,cognition,pea_wiscv_tss,baselineYear1Arm1,WISC BL,-0.1432637740871825,-0.01854085736591773,-0.08274079909559355,0.04565908436375808
0,cognition,pea_wiscv_tss,baselineYear1Arm1,WISC BL,-0.1149872581648177,-0.014881377836901407,-0.07887872588375591,0.04911597020995309
0,cognition,pea_wiscv_tss,baselineYear1Arm1,WISC BL,-0.08671074224245245,-0.011221898307885026,-0.07506603097702012,0.05262223436125007
0,cognition,pea_wiscv_tss,baselineYear1Arm1,WISC BL,-0.05843422632008721,-0.007562418778868644,-0.07130307045286274,0.05617823289512546
0,cognition,pea_wiscv_tss,baselineYear1Arm1,WISC BL,-0.03015771039772197,-0.0039029392498522624,-0.06759008674198133,0.05978420824227681
0,cognition,pea_wiscv_tss,baselineYear1Arm1,WISC BL,-0.001881194475356729,-0.0002434597208358811,-0.06392720580922479,0.06344028636755303
0,cognition,pea_wiscv_tss,baselineYear1Arm1,WISC BL,0.026395321447008513,0.0034160198081805,-0.060314435676807276,0.06714647529316828
0,cognition,pea_wiscv_tss,baselineYear1Arm1,WISC BL,0.054671837369373755,0.007075499337196881,-0.05675166632997855,0.07090266500437231
0,cognition,pea_wiscv_tss,baselineYear1Arm1,WISC BL,0.08294835329173855,0.010734978866213206,-0.05323867100772739,0.0747086287401538
0,cognition,pea_wiscv_tss,baselineYear1Arm1,WISC BL,0.1112248692141038,0.014394458395229588,-0.04977510884337234,0.07856402563383151
0,cognition,pea_wiscv_tss,baselineYear1Arm1,WISC BL,0.13950138513646904,0.018053937924245967,-0.04636052878388412,0.08246840463237605
0,cognition,pea_wiscv_tss,baselineYear1Arm1,WISC BL,0.16777790105883428,0.02171341745326235,-0.04299437468418873,0.08642120959071342
0,cognition,pea_wiscv_tss,baselineYear1Arm1,WISC BL,0.19605441698119952,0.02537289698227873,-0.039675991444978694,0.09042178540953616
0,cognition,pea_wiscv_tss,baselineYear1Arm1,WISC BL,0.22433093290356476,0.029032376511295113,-0.03640463204080348,0.09446938506339371
0,cognition,pea_wiscv_tss,baselineYear1Arm1,WISC BL,0.25260744882593,0.032691856040311496,-0.03317946527010776,0.09856317735073075
0,cognition,pea_wiscv_tss,baselineYear1Arm1,WISC BL,0.28088396474829525,0.036351335569327875,-0.0299995840506819,0.10270225518933765
0,cognition,pea_wiscv_tss,baselineYear1Arm1,WISC BL,0.30916048067066004,0.0400108150983442,-0.02686401408251378,0.10688564427920218
0,cognition,pea_wiscv_tss,baselineYear1Arm1,WISC BL,0.3374369965930253,0.04367029462736058,-0.023771722704746992,0.11111231195946815
0,cognition,pea_wiscv_tss,baselineYear1Arm1,WISC BL,0.3657135125153905,0.047329774156376965,-0.020721627783532377,0.11538117609628631
0,cognition,pea_wiscv_tss,baselineYear1Arm1,WISC BL,0.39399002843775577,0.050989253685393345,-0.017712606481980038,0.11969111385276673
0,cognition,pea_wiscv_tss,baselineYear1Arm1,WISC BL,0.422266544360121,0.054648733214409724,-0.014743503781056759,0.1240409702098762
0,cognition,pea_wiscv_tss,baselineYear1Arm1,WISC BL,0.45054306028248625,0.058308212743426104,-0.011813140639976884,0.1284295661268291
0,cognition,pea_wiscv_tss,baselineYear1Arm1,WISC BL,0.4788195762048515,0.06196769227244249,-0.008920321705328152,0.13285570625021315
0,cognition,pea_wiscv_tss,baselineYear1Arm1,WISC BL,0.5070960921272163,0.0656271718014588,-0.006063842498888222,0.13731818610180582
0,cognition,pea_wiscv_tss,baselineYear1Arm1,WISC BL,0.5353726080495815,0.06928665133047518,-0.0032424960340151077,0.14181579869496547
0,cognition,pea_wiscv_tss,baselineYear1Arm1,WISC BL,0.5636491239719468,0.07294613085949159,-0.00045507882900584773,0.14634734054798904
0,cognition,pea_wiscv_tss,baselineYear1Arm1,WISC BL,0.591925639894312,0.07660561038850797,0.0022996036975477807,0.15091161707946815
0,cognition,pea_wiscv_tss,baselineYear1Arm1,WISC BL,0.6202021558166773,0.08026508991752435,0.005022732449893777,0.15550744738515493
0,cognition,pea_wiscv_tss,baselineYear1Arm1,WISC BL,0.6484786717390425,0.08392456944654073,0.007715470485039955,0.1601336684080415
0,cognition,pea_wiscv_tss,baselineYear1Arm1,WISC BL,0.6767551876614077,0.0875840489755571,0.010378959427857187,0.16478913852325702
0,cognition,pea_wiscv_tss,baselineYear1Arm1,WISC BL,0.705031703583773,0.09124352850457348,0.013014316442068727,0.16947274056707823
0,cognition,pea_wiscv_tss,baselineYear1Arm1,WISC BL,0.7333082195061378,0.09490300803358981,0.015622631722173708,0.1741833843450059
0,cognition,pea_wiscv_tss,baselineYear1Arm1,WISC BL,0.761584735428503,0.09856248756260619,0.01820496646752394,0.17892000865768842
0,cognition,pea_wiscv_tss,baselineYear1Arm1,WISC BL,0.7898612513508687,0.10222196709162262,0.02076235129753197,0.1836815828857133
0,cognition,pea_wiscv_tss,baselineYear1Arm1,WISC BL,0.818137767273234,0.105881446620639,0.02329578506608966,0.18846710817518836
0,cognition,pea_wiscv_tss,baselineYear1Arm1,WISC BL,0.8464142831955983,0.10954092614965527,0.025806234033473832,0.19327561826583672
0,cognition,pea_wiscv_tss,baselineYear1Arm1,WISC BL,0.8746907991179635,0.11320040567867165,0.02829463135508241,0.19810618000226088
0,cognition,pea_wiscv_tss,baselineYear1Arm1,WISC BL,0.9029673150403288,0.11685988520768803,0.03076187684807344,0.20295789356730262
0,cognition,pea_wiscv_tss,baselineYear1Arm1,WISC BL,0.931243830962694,0.12051936473670441,0.0332088369991876,0.20782989247422123
0,cognition,pea_wiscv_tss,baselineYear1Arm1,WISC BL,0.9595203468850593,0.12417884426572079,0.03563634517956128,0.2127213433518803
0,cognition,pea_wiscv_tss,baselineYear1Arm1,WISC BL,0.9877968628074245,0.12783832379473717,0.03804520203505643,0.2176314455544179
0,cognition,pea_wiscv_tss,baselineYear1Arm1,WISC BL,1.0160733787297898,0.13149780332375355,0.040436176023432496,0.2225594306240746
0,cognition,pea_wiscv_tss,baselineYear1Arm1,WISC BL,1.044349894652155,0.13515728285276993,0.042810004072484614,0.22750456163305524
0,cognition,pea_wiscv_tss,baselineYear1Arm1,WISC BL,1.0726264105745202,0.1388167623817863,0.045167392336001574,0.23246613242757103
0,cognition,pea_wiscv_tss,baselineYear1Arm1,WISC BL,1.1009029264968855,0.1424762419108027,0.04750901702701267,0.23744346679459272
0,cognition,pea_wiscv_tss,baselineYear1Arm1,WISC BL,1.1291794424192507,0.14613572143981907,0.049835525310258685,0.24243591756937943
0,cognition,pea_wiscv_tss,baselineYear1Arm1,WISC BL,1.157455958341616,0.14979520096883547,0.05214753623811763,0.24744286569955332
0,cognition,pea_wiscv_tss,baselineYear1Arm1,WISC BL,1.1857324742639812,0.15345468049785185,0.0544456417163295,0.2524637192793742
0,cognition,pea_wiscv_tss,baselineYear1Arm1,WISC BL,1.2140089901863464,0.15711416002686823,0.05673040748779078,0.2574979125659457
0,cognition,pea_wiscv_tss,baselineYear1Arm1,WISC BL,1.2422855061087117,0.1607736395558846,0.05900237412442835,0.26254490498734084
0,cognition,pea_wiscv_tss,baselineYear1Arm1,WISC BL,1.270562022031076,0.16443311908490088,0.061262058018725335,0.26760418015107645
0,cognition,pea_wiscv_tss,baselineYear1Arm1,WISC BL,1.2988385379534413,0.16809259861391726,0.06350995236785707,0.27267524485997746
0,cognition,pea_wiscv_tss,baselineYear1Arm1,WISC BL,1.3271150538758065,0.17175207814293364,0.06574652814462441,0.2777576281412429
0,cognition,pea_wiscv_tss,baselineYear1Arm1,WISC BL,1.3553915697981718,0.17541155767195002,0.06797223505044918,0.28285088029345085
0,cognition,pea_wiscv_tss,baselineYear1Arm1,WISC BL,1.383668085720537,0.1790710372009664,0.0701875024466369,0.2879545719552959
0,cognition,pea_wiscv_tss,baselineYear1Arm1,WISC BL,1.4119446016429023,0.18273051672998278,0.07239274026092822,0.2930682931990373
0,cognition,pea_wiscv_tss,baselineYear1Arm1,WISC BL,1.4402211175652675,0.18638999625899916,0.0745883398670644,0.29819165265093395
0,cognition,pea_wiscv_tss,baselineYear1Arm1,WISC BL,1.4684976334876327,0.19004947578801554,0.076774674935695,0.30332427664033607
0,cognition,pea_wiscv_tss,baselineYear1Arm1,WISC BL,1.496774149409998,0.19370895531703192,0.07895210225546986,0.30846580837859394
0,cognition,pea_wiscv_tss,baselineYear1Arm1,WISC BL,1.5250506653323632,0.1973684348460483,0.08112096252359116,0.3136159071685054
0,cognition,pea_wiscv_tss,baselineYear1Arm1,WISC BL,1.5533271812547285,0.20102791437506468,0.08328158110546614,0.3187742476446632
0,cognition,pea_wiscv_tss,baselineYear1Arm1,WISC BL,1.5816036971770937,0.20468739390408106,0.08543426876340508,0.323940519044757
0,cognition,pea_wiscv_tss,baselineYear1Arm1,WISC BL,1.609880213099459,0.20834687343309743,0.0875793223545585,0.32911442451163636
0,cognition,pea_wiscv_tss,baselineYear1Arm1,WISC BL,1.6381567290218242,0.21200635296211384,0.08971702549849282,0.3342956804257349
0,cognition,pea_wiscv_tss,baselineYear1Arm1,WISC BL,1.6664332449441894,0.21566583249113022,0.09184764921496763,0.3394840157672928
0,cognition,pea_wiscv_tss,baselineYear1Arm1,WISC BL,1.6947097608665538,0.2193253120201465,0.09397145253260833,0.3446791715076847
0,cognition,pea_wiscv_tss,baselineYear1Arm1,WISC BL,1.722986276788919,0.22298479154916287,0.09608868306926907,0.3498809000290567
0,cognition,pea_wiscv_tss,baselineYear1Arm1,WISC BL,1.7512627927112843,0.22664427107817925,0.09819957758495654,0.35508896457140193
0,cognition,pea_wiscv_tss,baselineYear1Arm1,WISC BL,1.7795393086336495,0.23030375060719563,0.1003043625082422,0.36030313870614905
0,cognition,pea_wiscv_tss,baselineYear1Arm1,WISC BL,1.8078158245560147,0.233963230136212,0.10240325443712595,0.36552320583529807
0,cognition,pea_wiscv_tss,baselineYear1Arm1,WISC BL,1.83609234047838,0.2376227096652284,0.1044964606153383,0.3707489587151185
0,cognition,pea_wiscv_tss,baselineYear1Arm1,WISC BL,1.8643688564007452,0.24128218919424477,0.1065841793850793,0.37598019900341023
0,cognition,pea_wiscv_tss,baselineYear1Arm1,WISC BL,1.8926453723231105,0.24494166872326115,0.10866660061719069,0.3812167368293316
0,cognition,pea_wiscv_tss,baselineYear1Arm1,WISC BL,1.9209218882454757,0.24860114825227753,0.11074390611975232,0.38645839038480273
0,cognition,pea_wiscv_tss,baselineYear1Arm1,WISC BL,1.949198404167841,0.25226062778129393,0.112816270026078,0.3917049855365099
0,cognition,pea_wiscv_tss,baselineYear1Arm1,WISC BL,1.9774749200902062,0.25592010731031034,0.11488385916306612,0.3969563554575546
0,cognition,pea_wiscv_tss,baselineYear1Arm1,WISC BL,2.0057514360125714,0.2595795868393267,0.11694683340083739,0.402212340277816
0,cognition,pea_wiscv_tss,baselineYear1Arm1,WISC BL,2.0340279519349367,0.2632390663683431,0.11900534598456408,0.4074727867521221
0,cognition,pea_wiscv_tss,baselineYear1Arm1,WISC BL,2.062304467857302,0.26689854589735945,0.12105954384936532,0.41273754794535356
0,cognition,pea_wiscv_tss,baselineYear1Arm1,WISC BL,2.090580983779667,0.27055802542637586,0.12310956791911346,0.4180064829336383
0,cognition,pea_wiscv_tss,baselineYear1Arm1,WISC BL,2.1188574997020315,0.2742175049553921,0.12515555338996237,0.42327945652082183
0,cognition,pea_wiscv_tss,baselineYear1Arm1,WISC BL,2.1471340156243968,0.2778769844844085,0.12719762999937792,0.4285563389694391
0,cognition,pea_wiscv_tss,baselineYear1Arm1,WISC BL,2.175410531546762,0.28153646401342486,0.12923592228141417,0.43383700574543554
0,cognition,pea_wiscv_tss,baselineYear1Arm1,WISC BL,2.2036870474691272,0.28519594354244127,0.13127054980895173,0.43912133727593083
0,cognition,pea_wiscv_tss,baselineYear1Arm1,WISC BL,2.2319635633914925,0.2888554230714576,0.1333016274235755,0.4444092187193397
0,cognition,pea_wiscv_tss,baselineYear1Arm1,WISC BL,2.2602400793138577,0.292514902600474,0.13532926545374302,0.44970053974720503
0,cognition,pea_wiscv_tss,baselineYear1Arm1,WISC BL,2.288516595236223,0.2961743821294904,0.1373535699218583,0.45499519433712243
0,cognition,pea_wiscv_tss,baselineYear1Arm1,WISC BL,2.316793111158588,0.2998338616585068,0.13937464274084063,0.4602930805761729
0,cognition,pea_wiscv_tss,baselineYear1Arm1,WISC BL,2.3450696270809535,0.30349334118752314,0.14139258190074333,0.46559410047430294
0,cognition,pea_wiscv_tss,baselineYear1Arm1,WISC BL,2.3733461430033187,0.30715282071653954,0.1434074816459542,0.4708981597871249
0,cognition,pea_wiscv_tss,baselineYear1Arm1,WISC BL,2.4016226589256835,0.3108123002455559,0.1454194326434769,0.4762051678476349
1,cognition,nihtbx_cryst_fc,2YearFollowUpYArm1,NIH Cryst 2Y,-3.180523327242664,-0.3191329376896833,-0.5184214743811814,-0.1198444009981853
1,cognition,nihtbx_cryst_fc,2YearFollowUpYArm1,NIH Cryst 2Y,-3.152094701028549,-0.31628041624439723,-0.5139477607792567,-0.11861307170953775
1,cognition,nihtbx_cryst_fc,2YearFollowUpYArm1,NIH Cryst 2Y,-3.1236660748144343,-0.31342789479911115,-0.5094756868181982,-0.11738010278002409
1,cognition,nihtbx_cryst_fc,2YearFollowUpYArm1,NIH Cryst 2Y,-3.095237448600319,-0.310575373353825,-0.5050052934714027,-0.11614545323624731
1,cognition,nihtbx_cryst_fc,2YearFollowUpYArm1,NIH Cryst 2Y,-3.0668088223862044,-0.30772285190853893,-0.5005366230442339,-0.11490908077284398
1,cognition,nihtbx_cryst_fc,2YearFollowUpYArm1,NIH Cryst 2Y,-3.0383801961720893,-0.3048703304632528,-0.49606971922660825,-0.11367094169989736
1,cognition,nihtbx_cryst_fc,2YearFollowUpYArm1,NIH Cryst 2Y,-3.0099515699579746,-0.3020178090179667,-0.4916046271479869,-0.11243099088794647
1,cognition,nihtbx_cryst_fc,2YearFollowUpYArm1,NIH Cryst 2Y,-2.9815229437438595,-0.29916528757268057,-0.487141393434894,-0.11118918171046716
1,cognition,nihtbx_cryst_fc,2YearFollowUpYArm1,NIH Cryst 2Y,-2.953094317529745,-0.2963127661273945,-0.4826800662710915,-0.10994546598369748
1,cognition,nihtbx_cryst_fc,2YearFollowUpYArm1,NIH Cryst 2Y,-2.9246656913156297,-0.29346024468210835,-0.4782206954605466,-0.10869979390367016
1,cognition,nihtbx_cryst_fc,2YearFollowUpYArm1,NIH Cryst 2Y,-2.896237065101515,-0.29060772323682227,-0.47376333249333563,-0.1074521139803089
1,cognition,nihtbx_cryst_fc,2YearFollowUpYArm1,NIH Cryst 2Y,-2.8678084388874,-0.28775520179153613,-0.4693080306146354,-0.10620237296843688
1,cognition,nihtbx_cryst_fc,2YearFollowUpYArm1,NIH Cryst 2Y,-2.839379812673285,-0.28490268034625005,-0.4648548448969624,-0.10495051579553774
1,cognition,nihtbx_cryst_fc,2YearFollowUpYArm1,NIH Cryst 2Y,-2.81095118645917,-0.2820501589009639,-0.46040383231582727,-0.10369648548610053
1,cognition,nihtbx_cryst_fc,2YearFollowUpYArm1,NIH Cryst 2Y,-2.782522560245055,-0.27919763745567777,-0.4559550518289847,-0.10244022308237083
1,cognition,nihtbx_cryst_fc,2YearFollowUpYArm1,NIH Cryst 2Y,-2.7540939340309403,-0.2763451160103917,-0.4515085644594622,-0.10118166756132116
1,cognition,nihtbx_cryst_fc,2YearFollowUpYArm1,NIH Cryst 2Y,-2.725665307816825,-0.27349259456510555,-0.44706443338256896,-0.09992075574764211
1,cognition,nihtbx_cryst_fc,2YearFollowUpYArm1,NIH Cryst 2Y,-2.6972366816027105,-0.27064007311981947,-0.4426227240170914,-0.09865742222254753
1,cognition,nihtbx_cryst_fc,2YearFollowUpYArm1,NIH Cryst 2Y,-2.6688080553885953,-0.26778755167453333,-0.4381835041208939,-0.09739159922817278
1,cognition,nihtbx_cryst_fc,2YearFollowUpYArm1,NIH Cryst 2Y,-2.6403794291744807,-0.26493503022924725,-0.4337468438911587,-0.09612321656733583
1,cognition,nihtbx_cryst_fc,2YearFollowUpYArm1,NIH Cryst 2Y,-2.6119508029603655,-0.2620825087839611,-0.42931281606950517,-0.09485220149841705
1,cognition,nihtbx_cryst_fc,2YearFollowUpYArm1,NIH Cryst 2Y,-2.583522176746251,-0.259229987338675,-0.4248814960522487,-0.09357847862510141
1,cognition,nihtbx_cryst_fc,2YearFollowUpYArm1,NIH Cryst 2Y,-2.5550935505321357,-0.2563774658933889,-0.4204529620060653,-0.09230196978071248
1,cognition,nihtbx_cryst_fc,2YearFollowUpYArm1,NIH Cryst 2Y,-2.5266649243180206,-0.25352494444810275,-0.41602729498935087,-0.0910225939068546
1,cognition,nihtbx_cryst_fc,2YearFollowUpYArm1,NIH Cryst 2Y,-2.498236298103906,-0.25067242300281667,-0.41160457907957027,-0.0897402669260631
1,cognition,nihtbx_cryst_fc,2YearFollowUpYArm1,NIH Cryst 2Y,-2.4698076718897912,-0.2478199015575306,-0.40718490150691256,-0.08845490160814864
1,cognition,nihtbx_cryst_fc,2YearFollowUpYArm1,NIH Cryst 2Y,-2.441379045675676,-0.24496738011224445,-0.4027683527945841,-0.08716640742990475
1,cognition,nihtbx_cryst_fc,2YearFollowUpYArm1,NIH Cryst 2Y,-2.412950419461561,-0.24211485866695834,-0.39835502690608493,-0.08587469042783172
1,cognition,nihtbx_cryst_fc,2YearFollowUpYArm1,NIH Cryst 2Y,-2.3845217932474463,-0.23926233722167223,-0.39394502139983334,-0.08457965304351112
1,cognition,nihtbx_cryst_fc,2YearFollowUpYArm1,NIH Cryst 2Y,-2.356093167033331,-0.23640981577638612,-0.3895384375915221,-0.08328119396125011
1,cognition,nihtbx_cryst_fc,2YearFollowUpYArm1,NIH Cryst 2Y,-2.3276645408192165,-0.23355729433110003,-0.3851353807246063,-0.0819792079375938
1,cognition,nihtbx_cryst_fc,2YearFollowUpYArm1,NIH Cryst 2Y,-2.2992359146051013,-0.2307047728858139,-0.3807359601493412,-0.08067358562228663
1,cognition,nihtbx_cryst_fc,2YearFollowUpYArm1,NIH Cryst 2Y,-2.2708072883909867,-0.22785225144052781,-0.37634028951081144,-0.07936421337024416
1,cognition,nihtbx_cryst_fc,2YearFollowUpYArm1,NIH Cryst 2Y,-2.2423786621768715,-0.22499972999524168,-0.3719484869464064,-0.07805097304407693
1,cognition,nihtbx_cryst_fc,2YearFollowUpYArm1,NIH Cryst 2Y,-2.213950035962757,-0.2221472085499556,-0.367560675293222,-0.07673374180668918
1,cognition,nihtbx_cryst_fc,2YearFollowUpYArm1,NIH Cryst 2Y,-2.1855214097486417,-0.21929468710466946,-0.3631769823058848,-0.07541239190345414
1,cognition,nihtbx_cryst_fc,2YearFollowUpYArm1,NIH Cryst 2Y,-2.1570927835345266,-0.21644216565938332,-0.3587975408853169,-0.0740867904334497
1,cognition,nihtbx_cryst_fc,2YearFollowUpYArm1,NIH Cryst 2Y,-2.128664157320412,-0.21358964421409724,-0.35442248931897724,-0.07275679910921723
1,cognition,nihtbx_cryst_fc,2YearFollowUpYArm1,NIH Cryst 2Y,-2.1002355311062972,-0.21073712276881115,-0.3500519715331333,-0.071422274004489
1,cognition,nihtbx_cryst_fc,2YearFollowUpYArm1,NIH Cryst 2Y,-2.071806904892182,-0.20788460132352501,-0.34568613735773923,-0.07008306528931077
1,cognition,nihtbx_cryst_fc,2YearFollowUpYArm1,NIH Cryst 2Y,-2.043378278678067,-0.20503207987823888,-0.3413251428045075,-0.06873901695197027
1,cognition,nihtbx_cryst_fc,2YearFollowUpYArm1,NIH Cryst 2Y,-2.0149496524639523,-0.2021795584329528,-0.3369691503587794,-0.06738996650712623
1,cognition,nihtbx_cryst_fc,2YearFollowUpYArm1,NIH Cryst 2Y,-1.9865210262498374,-0.19932703698766668,-0.33261832928581325,-0.06603574468952009
1,cognition,nihtbx_cryst_fc,2YearFollowUpYArm1,NIH Cryst 2Y,-1.9580924000357225,-0.19647451554238057,-0.3282728559521184,-0.06467617513264276
1,cognition,nihtbx_cryst_fc,2YearFollowUpYArm1,NIH Cryst 2Y,-1.9296637738216076,-0.19362199409709446,-0.3239329141624687,-0.06331107403172018
1,cognition,nihtbx_cryst_fc,2YearFollowUpYArm1,NIH Cryst 2Y,-1.9012351476074925,-0.19076947265180835,-0.31959869551323705,-0.061940249790379626
1,cognition,nihtbx_cryst_fc,2YearFollowUpYArm1,NIH Cryst 2Y,-1.8728065213933776,-0.18791695120652224,-0.31527039976268445,-0.06056350265036006
1,cognition,nihtbx_cryst_fc,2YearFollowUpYArm1,NIH Cryst 2Y,-1.8443778951792626,-0.18506442976123613,-0.3109482352188346,-0.059180624303637686
1,cognition,nihtbx_cryst_fc,2YearFollowUpYArm1,NIH Cryst 2Y,-1.8159492689651477,-0.18221190831595002,-0.3066324191455476,-0.057791397486352425
1,cognition,nihtbx_cryst_fc,2YearFollowUpYArm1,NIH Cryst 2Y,-1.7875206427510328,-0.1793593868706639,-0.3023231781873828,-0.05639559555394502
1,cognition,nihtbx_cryst_fc,2YearFollowUpYArm1,NIH Cryst 2Y,-1.759092016536918,-0.1765068654253778,-0.2980207488138089,-0.054992982036946664
1,cognition,nihtbx_cryst_fc,2YearFollowUpYArm1,NIH Cryst 2Y,-1.730663390322803,-0.1736543439800917,-0.293725377783274,-0.05358331017690934
1,cognition,nihtbx_cryst_fc,2YearFollowUpYArm1,NIH Cryst 2Y,-1.7022347641086881,-0.17080182253480558,-0.2894373226275887,-0.052166322442022434
1,cognition,nihtbx_cryst_fc,2YearFollowUpYArm1,NIH Cryst 2Y,-1.6738061378945732,-0.16794930108951947,-0.28515685215700237,-0.0507417500220366
1,cognition,nihtbx_cryst_fc,2YearFollowUpYArm1,NIH Cryst 2Y,-1.6453775116804583,-0.16509677964423336,-0.28088424698625847,-0.049309312302208266
1,cognition,nihtbx_cryst_fc,2YearFollowUpYArm1,NIH Cryst 2Y,-1.6169488854663434,-0.16224425819894725,-0.27661980008180137,-0.047868716316093116
1,cognition,nihtbx_cryst_fc,2YearFollowUpYArm1,NIH Cryst 2Y,-1.5885202592522285,-0.15939173675366114,-0.27236381733016723,-0.04641965617715506
1,cognition,nihtbx_cryst_fc,2YearFollowUpYArm1,NIH Cryst 2Y,-1.5600916330381136,-0.15653921530837503,-0.26811661812742577,-0.04496181248932429
1,cognition,nihtbx_cryst_fc,2YearFollowUpYArm1,NIH Cryst 2Y,-1.5316630068239985,-0.1536866938630889,-0.2638785359893412,-0.04349485173683659
1,cognition,nihtbx_cryst_fc,2YearFollowUpYArm1,NIH Cryst 2Y,-1.5032343806098836,-0.15083417241780278,-0.25964991918168423,-0.04201842565392132
1,cognition,nihtbx_cryst_fc,2YearFollowUpYArm1,NIH Cryst 2Y,-1.4748057543957687,-0.14798165097251667,-0.25543113136985274,-0.04053217057518059
1,cognition,nihtbx_cryst_fc,2YearFollowUpYArm1,NIH Cryst 2Y,-1.4463771281816538,-0.14512912952723056,-0.2512225522866359,-0.03903570676782517
1,cognition,nihtbx_cryst_fc,2YearFollowUpYArm1,NIH Cryst 2Y,-1.4179485019675389,-0.14227660808194445,-0.24702457841658332,-0.03752863774730557
1,cognition,nihtbx_cryst_fc,2YearFollowUpYArm1,NIH Cryst 2Y,-1.389519875753424,-0.13942408663665837,-0.24283762369500933,-0.036010549578307405
1,cognition,nihtbx_cryst_fc,2YearFollowUpYArm1,NIH Cryst 2Y,-1.361091249539309,-0.13657156519137226,-0.23866212021916872,-0.0344810101635758
1,cognition,nihtbx_cryst_fc,2YearFollowUpYArm1,NIH Cryst 2Y,-1.3326626233251941,-0.13371904374608615,-0.23449851896857485,-0.032939568523597446
1,cognition,nihtbx_cryst_fc,2YearFollowUpYArm1,NIH Cryst 2Y,-1.3042339971110792,-0.13086652230080004,-0.2303472905307899,-0.031385754070810165
1,cognition,nihtbx_cryst_fc,2YearFollowUpYArm1,NIH Cryst 2Y,-1.2758053708969643,-0.12801400085551393,-0.22620892582829333,-0.02981907588273451
1,cognition,nihtbx_cryst_fc,2YearFollowUpYArm1,NIH Cryst 2Y,-1.2473767446828494,-0.12516147941022782,-0.22208393684122085,-0.02823902197923478
1,cognition,nihtbx_cryst_fc,2YearFollowUpYArm1,NIH Cryst 2Y,-1.2189481184687345,-0.1223089579649417,-0.2179728573198583,-0.026645058610025113
1,cognition,nihtbx_cryst_fc,2YearFollowUpYArm1,NIH Cryst 2Y,-1.1905194922546196,-0.1194564365196556,-0.2138762434797666,-0.025036629559544582
1,cognition,nihtbx_cryst_fc,2YearFollowUpYArm1,NIH Cryst 2Y,-1.1620908660405047,-0.11660391507436949,-0.20979467467130442,-0.023413155477434555
1,cognition,nihtbx_cryst_fc,2YearFollowUpYArm1,NIH Cryst 2Y,-1.1336622398263896,-0.11375139362908335,-0.20572875401409807,-0.02177403324406864
1,cognition,nihtbx_cryst_fc,2YearFollowUpYArm1,NIH Cryst 2Y,-1.105233613612275,-0.11089887218379726,-0.20167910898569208,-0.020118635381902436
1,cognition,nihtbx_cryst_fc,2YearFollowUpYArm1,NIH Cryst 2Y,-1.0768049873981598,-0.10804635073851113,-0.19764639195219247,-0.0184463095248298
1,cognition,nihtbx_cryst_fc,2YearFollowUpYArm1,NIH Cryst 2Y,-1.048376361184045,-0.10519382929322504,-0.19363128062720886,-0.01675637795924123
1,cognition,nihtbx_cryst_fc,2YearFollowUpYArm1,NIH Cryst 2Y,-1.01994773496993,-0.1023413078479389,-0.18963447844381187,-0.015048137252065927
1,cognition,nihtbx_cryst_fc,2YearFollowUpYArm1,NIH Cryst 2Y,-0.9915191087558148,-0.09948878640265278,-0.1856567148225799,-0.013320857982725684
1,cognition,nihtbx_cryst_fc,2YearFollowUpYArm1,NIH Cryst 2Y,-0.9630904825417002,-0.0966362649573667,-0.18169874531713076,-0.011573784597602624
1,cognition,nihtbx_cryst_fc,2YearFollowUpYArm1,NIH Cryst 2Y,-0.934661856327585,-0.09378374351208056,-0.17776135161686574,-0.009806135407295372
1,cognition,nihtbx_cryst_fc,2YearFollowUpYArm1,NIH Cryst 2Y,-0.9062332301134703,-0.09093122206679448,-0.17384534138502994,-0.008017102748559005
1,cognition,nihtbx_cryst_fc,2YearFollowUpYArm1,NIH Cryst 2Y,-0.8778046038993552,-0.08807870062150834,-0.16995154790867895,-0.0062058533343377215
1,cognition,nihtbx_cryst_fc,2YearFollowUpYArm1,NIH Cryst 2Y,-0.8493759776852405,-0.08522617917622226,-0.16608082953580394,-0.004371528816640574
1,cognition,nihtbx_cryst_fc,2YearFollowUpYArm1,NIH Cryst 2Y,-0.8209473514711254,-0.08237365773093612,-0.16223406887378028,-0.002513246588091947
1,cognition,nihtbx_cryst_fc,2YearFollowUpYArm1,NIH Cryst 2Y,-0.7925187252570107,-0.07952113628565004,-0.1584121717225746,-0.0006301008487254595
1,cognition,nihtbx_cryst_fc,2YearFollowUpYArm1,NIH Cryst 2Y,-0.7640900990428956,-0.07666861484036391,-0.15461606571586164,0.001278836035133818
1,cognition,nihtbx_cryst_fc,2YearFollowUpYArm1,NIH Cryst 2Y,-0.7356614728287809,-0.07381609339507782,-0.15084669864350003,0.0032145118533443845
1,cognition,nihtbx_cryst_fc,2YearFollowUpYArm1,NIH Cryst 2Y,-0.7072328466146658,-0.07096357194979169,-0.14710503642980044,0.00517789253021704
1,cognition,nihtbx_cryst_fc,2YearFollowUpYArm1,NIH Cryst 2Y,-0.6788042204005511,-0.0681110505045056,-0.14339206074383942,0.0071699597348282434
1,cognition,nihtbx_cryst_fc,2YearFollowUpYArm1,NIH Cryst 2Y,-0.650375594186436,-0.06525852905921947,-0.1397087662208364,0.009191708102397445
1,cognition,nihtbx_cryst_fc,2YearFollowUpYArm1,NIH Cryst 2Y,-0.6219469679723209,-0.06240600761393334,-0.1360561572774567,0.011244142049590032
1,cognition,nihtbx_cryst_fc,2YearFollowUpYArm1,NIH Cryst 2Y,-0.5935183417582062,-0.05955348616864725,-0.13243524450891953,0.013328272171625036
1,cognition,nihtbx_cryst_fc,2YearFollowUpYArm1,NIH Cryst 2Y,-0.565089715544091,-0.05670096472336112,-0.12884704066205907,0.015445111215336836
1,cognition,nihtbx_cryst_fc,2YearFollowUpYArm1,NIH Cryst 2Y,-0.5366610893299764,-0.05384844327807504,-0.12529255618604646,0.017595669629896386
1,cognition,nihtbx_cryst_fc,2YearFollowUpYArm1,NIH Cryst 2Y,-0.5082324631158612,-0.05099592183278891,-0.12177279437130695,0.019780950705729133
1,cognition,nihtbx_cryst_fc,2YearFollowUpYArm1,NIH Cryst 2Y,-0.47980383690174655,-0.04814340038750282,-0.11828874609719592,0.02200194532219029
1,cognition,nihtbx_cryst_fc,2YearFollowUpYArm1,NIH Cryst 2Y,-0.4513752106876314,-0.045290878942216686,-0.1148413842200589,0.024259626335625534
1,cognition,nihtbx_cryst_fc,2YearFollowUpYArm1,NIH Cryst 2Y,-0.42294658447351674,-0.0424383574969306,-0.11143165764517707,0.02655494265131588
1,cognition,nihtbx_cryst_fc,2YearFollowUpYArm1,NIH Cryst 2Y,-0.3945179582594016,-0.039585836051644466,-0.10806048513844858,0.028888813035159652
1,cognition,nihtbx_cryst_fc,2YearFollowUpYArm1,NIH Cryst 2Y,-0.36608933204528693,-0.03673331460635838,-0.10472874894608422,0.031262119733367455
1,cognition,nihtbx_cryst_fc,2YearFollowUpYArm1,NIH Cryst 2Y,-0.3376607058311718,-0.033880793161072245,-0.10143728830259835,0.03367570198045386
1,cognition,nihtbx_cryst_fc,2YearFollowUpYArm1,NIH Cryst 2Y,-0.3092320796170571,-0.031028271715786163,-0.09818689291841495,0.03613034948684263
1,cognition,nihtbx_cryst_fc,2YearFollowUpYArm1,NIH Cryst 2Y,-0.280803453402942,-0.02817575027050003,-0.09497829654787923,0.038626796006879176
1,cognition,nihtbx_cryst_fc,2YearFollowUpYArm1,NIH Cryst 2Y,-0.25237482718882687,-0.0253232288252139,-0.09181217074578193,0.041165713095354134
1,cognition,nihtbx_cryst_fc,2YearFollowUpYArm1,NIH Cryst 2Y,-0.22394620097471218,-0.02247070737992781,-0.08868911892508657,0.043747704165230945
1,cognition,nihtbx_cryst_fc,2YearFollowUpYArm1,NIH Cryst 2Y,-0.19551757476059706,-0.01961818593464168,-0.0856096708299176,0.046373298960634246
1,cognition,nihtbx_cryst_fc,2YearFollowUpYArm1,NIH Cryst 2Y,-0.16708894854648237,-0.016765664489355597,-0.08257427753563484,0.04904294855692365
1,cognition,nihtbx_cryst_fc,2YearFollowUpYArm1,NIH Cryst 2Y,-0.13866032233236725,-0.013913143044069464,-0.07958330708176976,0.05175702099363084
1,cognition,nihtbx_cryst_fc,2YearFollowUpYArm1,NIH Cryst 2Y,-0.11023169611825256,-0.011060621598783377,-0.07663704083370415,0.0545157976361374
1,cognition,nihtbx_cryst_fc,2YearFollowUpYArm1,NIH Cryst 2Y,-0.08180306990413744,-0.008208100153497246,-0.07373567065539952,0.05731947034840503
1,cognition,nihtbx_cryst_fc,2YearFollowUpYArm1,NIH Cryst 2Y,-0.053374443690022755,-0.005355578708211159,-0.07087929695863962,0.06016813954221731
1,cognition,nihtbx_cryst_fc,2YearFollowUpYArm1,NIH Cryst 2Y,-0.024945817475907628,-0.002503057262925027,-0.0680679276747039,0.06306181314885384
1,cognition,nihtbx_cryst_fc,2YearFollowUpYArm1,NIH Cryst 2Y,0.003482808738207055,0.00034946418236105964,-0.0653014781729262,0.06600040653764833
1,cognition,nihtbx_cryst_fc,2YearFollowUpYArm1,NIH Cryst 2Y,0.03191143495232218,0.0032019856276471912,-0.0625797721280803,0.06898374338337468
1,cognition,nihtbx_cryst_fc,2YearFollowUpYArm1,NIH Cryst 2Y,0.060340061166436865,0.006054507072933278,-0.05990254331594664,0.0720115574618132
1,cognition,nihtbx_cryst_fc,2YearFollowUpYArm1,NIH Cryst 2Y,0.08876868738055199,0.00890702851821941,-0.057269438294699396,0.07508349533113821
1,cognition,nihtbx_cryst_fc,2YearFollowUpYArm1,NIH Cryst 2Y,0.11719731359466712,0.01175954996350554,-0.054680019909827564,0.07819911983683864
1,cognition,nihtbx_cryst_fc,2YearFollowUpYArm1,NIH Cryst 2Y,0.1456259398087818,0.014612071408791628,-0.052133771542943935,0.0813579143605272
1,cognition,nihtbx_cryst_fc,2YearFollowUpYArm1,NIH Cryst 2Y,0.17405456602289693,0.01746459285407776,-0.04963010201067331,0.08455928771882884
1,cognition,nihtbx_cryst_fc,2YearFollowUpYArm1,NIH Cryst 2Y,0.2024831922370116,0.020317114299363843,-0.047168351009267064,0.08780257960799476
1,cognition,nihtbx_cryst_fc,2YearFollowUpYArm1,NIH Cryst 2Y,0.23091181845112674,0.023169635744649975,-0.04474779499387892,0.09108706648317887
1,cognition,nihtbx_cryst_fc,2YearFollowUpYArm1,NIH Cryst 2Y,0.2593404446652414,0.026022157189936064,-0.0423676533785644,0.09441196775843652
1,cognition,nihtbx_cryst_fc,2YearFollowUpYArm1,NIH Cryst 2Y,0.28776907087935655,0.028874678635222195,-0.04002709494383713,0.09777645221428152
1,cognition,nihtbx_cryst_fc,2YearFollowUpYArm1,NIH Cryst 2Y,0.31619769709347123,0.031727200080508285,-0.037725244342683935,0.10117964450370051
1,cognition,nihtbx_cryst_fc,2YearFollowUpYArm1,NIH Cryst 2Y,0.34462632330758636,0.034579721525794416,-0.03546118860282485,0.10462063165441368
1,cognition,nihtbx_cryst_fc,2YearFollowUpYArm1,NIH Cryst 2Y,0.37305494952170104,0.037432242971080505,-0.03323398353215159,0.10809846947431259
1,cognition,nihtbx_cryst_fc,2YearFollowUpYArm1,NIH Cryst 2Y,0.40148357573581617,0.040284764416366636,-0.031042659945087453,0.11161218877782073
1,cognition,nihtbx_cryst_fc,2YearFollowUpYArm1,NIH Cryst 2Y,0.42991220194993085,0.04313728586165272,-0.02888622963949368,0.11516080136279912
1,cognition,nihtbx_cryst_fc,2YearFollowUpYArm1,NIH Cryst 2Y,0.458340828164046,0.04598980730693885,-0.02676369106613504,0.11874330568001273
1,cognition,nihtbx_cryst_fc,2YearFollowUpYArm1,NIH Cryst 2Y,0.4867694543781611,0.04884232875222498,-0.02467403464511618,0.12235869214956614
1,cognition,nihtbx_cryst_fc,2YearFollowUpYArm1,NIH Cryst 2Y,0.5151980805922758,0.05169485019751107,-0.02261624769567746,0.1260059480906996
1,cognition,nihtbx_cryst_fc,2YearFollowUpYArm1,NIH Cryst 2Y,0.5436267068063909,0.0545473716427972,-0.020589318956964003,0.1296840622425584
1,cognition,nihtbx_cryst_fc,2YearFollowUpYArm1,NIH Cryst 2Y,0.5720553330205056,0.05739989308808329,-0.01859224268759751,0.13339202886376408
1,cognition,nihtbx_cryst_fc,2YearFollowUpYArm1,NIH Cryst 2Y,0.6004839592346207,0.06025241453336942,-0.0166240223409215,0.13712885140766035
1,cognition,nihtbx_cryst_fc,2YearFollowUpYArm1,NIH Cryst 2Y,0.6289125854487354,0.0631049359786555,-0.014683673820570467,0.1408935457778815
1,cognition,nihtbx_cryst_fc,2YearFollowUpYArm1,NIH Cryst 2Y,0.6573412116628505,0.06595745742394164,-0.01277022832749973,0.144685143175383
1,cognition,nihtbx_cryst_fc,2YearFollowUpYArm1,NIH Cryst 2Y,0.6857698378769652,0.06880997886922773,-0.010882734814842795,0.14850269255329823
1,cognition,nihtbx_cryst_fc,2YearFollowUpYArm1,NIH Cryst 2Y,0.7141984640910803,0.07166250031451386,-0.009020262070997265,0.152345262700025
1,cognition,nihtbx_cryst_fc,2YearFollowUpYArm1,NIH Cryst 2Y,0.742627090305195,0.07451502175979995,-0.007181900454286669,0.15621194397388655
1,cognition,nihtbx_cryst_fc,2YearFollowUpYArm1,NIH Cryst 2Y,0.7710557165193102,0.07736754320508607,-0.005366763304512856,0.160101849714685
1,cognition,nihtbx_cryst_fc,2YearFollowUpYArm1,NIH Cryst 2Y,0.7994843427334248,0.08022006465037217,-0.0035739880578366245,0.16401411735858096
1,cognition,nihtbx_cryst_fc,2YearFollowUpYArm1,NIH Cryst 2Y,0.8279129689475404,0.08307258609565833,-0.0018027370918262259,0.1679479092831429
1,cognition,nihtbx_cryst_fc,2YearFollowUpYArm1,NIH Cryst 2Y,0.8563415951616546,0.08592510754094439,-5.2198327324698424e-05,0.17190241340921347
1,cognition,nihtbx_cryst_fc,2YearFollowUpYArm1,NIH Cryst 2Y,0.8847702213757698,0.08877762898623051,0.0016784143868788376,0.1758768435855822
1,cognition,nihtbx_cryst_fc,2YearFollowUpYArm1,NIH Cryst 2Y,0.9131988475898849,0.09163015043151665,0.0033898610816170682,0.17987043978141623
1,cognition,nihtbx_cryst_fc,2YearFollowUpYArm1,NIH Cryst 2Y,0.941627473804,0.09448267187680277,0.005082875643499449,0.1838824681101061
1,cognition,nihtbx_cryst_fc,2YearFollowUpYArm1,NIH Cryst 2Y,0.9700561000181143,0.09733519332208881,0.006758165937489971,0.18791222070668767
1,cognition,nihtbx_cryst_fc,2YearFollowUpYArm1,NIH Cryst 2Y,0.9984847262322294,0.10018771476737495,0.00841641405535136,0.19195901547939853
1,cognition,nihtbx_cryst_fc,2YearFollowUpYArm1,NIH Cryst 2Y,1.0269133524463445,0.10304023621266108,0.010058276671064945,0.19602219575425722
1,cognition,nihtbx_cryst_fc,2YearFollowUpYArm1,NIH Cryst 2Y,1.0553419786604596,0.10589275765794721,0.011684385486014165,0.20010112982988026
1,cognition,nihtbx_cryst_fc,2YearFollowUpYArm1,NIH Cryst 2Y,1.0837706048745739,0.10874527910323326,0.013295347748370878,0.20419521045809563
1,cognition,nihtbx_cryst_fc,2YearFollowUpYArm1,NIH Cryst 2Y,1.112199231088689,0.11159780054851938,0.014891746832722957,0.2083038542643158
1,cognition,nihtbx_cryst_fc,2YearFollowUpYArm1,NIH Cryst 2Y,1.1406278573028041,0.11445032199380552,0.016474142867503927,0.2124265011201071
1,cognition,nihtbx_cryst_fc,2YearFollowUpYArm1,NIH Cryst 2Y,1.1690564835169193,0.11730284343909164,0.01804307339922183,0.21656261347896144
1,cognition,nihtbx_cryst_fc,2YearFollowUpYArm1,NIH Cryst 2Y,1.1974851097310344,0.12015536488437778,0.01959905408381883,0.22071167568493671
1,cognition,nihtbx_cryst_fc,2YearFollowUpYArm1,NIH Cryst 2Y,1.2259137359451486,0.12300788632966382,0.021142579396726924,0.22487319326260072
1,cognition,nihtbx_cryst_fc,2YearFollowUpYArm1,NIH Cryst 2Y,1.2543423621592638,0.12586040777494995,0.022674123354314138,0.22904669219558577
1,cognition,nihtbx_cryst_fc,2YearFollowUpYArm1,NIH Cryst 2Y,1.2827709883733789,0.12871292922023608,0.02419414024043913,0.23323171820003302
1,cognition,nihtbx_cryst_fc,2YearFollowUpYArm1,NIH Cryst 2Y,1.311199614587494,0.13156545066552222,0.02570306533275933,0.2374278359982851
1,cognition,nihtbx_cryst_fc,2YearFollowUpYArm1,NIH Cryst 2Y,1.3396282408016082,0.13441797211080825,0.02720131562426474,0.24163462859735174
1,cognition,nihtbx_cryst_fc,2YearFollowUpYArm1,NIH Cryst 2Y,1.3680568670157234,0.1372704935560944,0.028689290536250037,0.24585169657593875
1,cognition,nihtbx_cryst_fc,2YearFollowUpYArm1,NIH Cryst 2Y,1.3964854932298385,0.14012301500138052,0.03016737261959139,0.25007865738316964
1,cognition,nihtbx_cryst_fc,2YearFollowUpYArm1,NIH Cryst 2Y,1.4249141194439536,0.14297553644666666,0.03163592824177301,0.2543151446515603
1,cognition,nihtbx_cryst_fc,2YearFollowUpYArm1,NIH Cryst 2Y,1.4533427456580679,0.1458280578919527,0.03309530825761352,0.25856080752629185
1,cognition,nihtbx_cryst_fc,2YearFollowUpYArm1,NIH Cryst 2Y,1.481771371872183,0.14868057933723883,0.03454584866208432,0.26281531001239333
1,cognition,nihtbx_cryst_fc,2YearFollowUpYArm1,NIH Cryst 2Y,1.5101999980862981,0.15153310078252497,0.035987871223994175,0.26707833034105577
1,cognition,nihtbx_cryst_fc,2YearFollowUpYArm1,NIH Cryst 2Y,1.5386286243004133,0.15438562222781108,0.037421684099646246,0.2713495603559759
1,cognition,nihtbx_cryst_fc,2YearFollowUpYArm1,NIH Cryst 2Y,1.5670572505145284,0.1572381436730972,0.038847582425855745,0.2756287049203387
1,cognition,nihtbx_cryst_fc,2YearFollowUpYArm1,NIH Cryst 2Y,1.5954858767286426,0.16009066511838327,0.04026584889195815,0.27991548134480837
1,cognition,nihtbx_cryst_fc,2YearFollowUpYArm1,NIH Cryst 2Y,1.6239145029427577,0.1629431865636694,0.04167675429064362,0.2842096188366952
1,cognition,nihtbx_cryst_fc,2YearFollowUpYArm1,NIH Cryst 2Y,1.6523431291568729,0.16579570800895552,0.04308055804762348,0.2885108579702875
1,cognition,nihtbx_cryst_fc,2YearFollowUpYArm1,NIH Cryst 2Y,1.680771755370988,0.16864822945424165,0.04447750873027974,0.2928189501782036
1,cognition,nihtbx_cryst_fc,2YearFollowUpYArm1,NIH Cryst 2Y,1.7092003815851022,0.1715007508995277,0.045867844535565305,0.2971336572634901
1,cognition,nihtbx_cryst_fc,2YearFollowUpYArm1,NIH Cryst 2Y,1.7376290077992174,0.17435327234481382,0.047251793757520394,0.3014547509321073
1,cognition,nihtbx_cryst_fc,2YearFollowUpYArm1,NIH Cryst 2Y,1.7660576340133325,0.17720579379009996,0.04862957523484632,0.3057820123453536
1,cognition,nihtbx_cryst_fc,2YearFollowUpYArm1,NIH Cryst 2Y,1.7944862602274476,0.1800583152353861,0.05000139877904167,0.3101152316917305
1,cognition,nihtbx_cryst_fc,2YearFollowUpYArm1,NIH Cryst 2Y,1.8229148864415619,0.18291083668067212,0.051367465583650185,0.31445420777769406
1,cognition,nihtbx_cryst_fc,2YearFollowUpYArm1,NIH Cryst 2Y,1.851343512655677,0.18576335812595826,0.05272796861520751,0.318798747636709
1,cognition,nihtbx_cryst_fc,2YearFollowUpYArm1,NIH Cryst 2Y,1.879772138869792,0.1886158795712444,0.05408309298649552,0.32314866615599325
1,cognition,nihtbx_cryst_fc,2YearFollowUpYArm1,NIH Cryst 2Y,1.9082007650839072,0.19146840101653054,0.05543301631273345,0.3275037857203276
1,cognition,nihtbx_cryst_fc,2YearFollowUpYArm1,NIH Cryst 2Y,1.9366293912980224,0.19432092246181668,0.05677790905133981,0.33186393587229357
1,cognition,nihtbx_cryst_fc,2YearFollowUpYArm1,NIH Cryst 2Y,1.9650580175121366,0.1971734439071027,0.05811793482590441,0.336228952988301
1,cognition,nihtbx_cryst_fc,2YearFollowUpYArm1,NIH Cryst 2Y,1.9934866437262517,0.20002596535238884,0.059453250735006874,0.3405986799697708
1,cognition,nihtbx_cryst_fc,2YearFollowUpYArm1,NIH Cryst 2Y,2.021915269940367,0.20287848679767498,0.06078400764651068,0.3449729659488393
1,cognition,nihtbx_cryst_fc,2YearFollowUpYArm1,NIH Cryst 2Y,2.050343896154482,0.2057310082429611,0.06211035047795327,0.3493516660079689
1,cognition,nihtbx_cryst_fc,2YearFollowUpYArm1,NIH Cryst 2Y,2.078772522368596,0.20858352968824714,0.06343241846363964,0.35373464091285467
1,cognition,nihtbx_cryst_fc,2YearFollowUpYArm1,NIH Cryst 2Y,2.1072011485827113,0.21143605113353328,0.0647503454090308,0.35812175685803577
1,cognition,nihtbx_cryst_fc,2YearFollowUpYArm1,NIH Cryst 2Y,2.1356297747968265,0.2142885725788194,0.06606425993300422,0.36251288522463454
1,cognition,nihtbx_cryst_fc,2YearFollowUpYArm1,NIH Cryst 2Y,2.1640584010109416,0.21714109402410553,0.06737428569854406,0.36690790234966697
1,cognition,nihtbx_cryst_fc,2YearFollowUpYArm1,NIH Cryst 2Y,2.192487027225056,0.21999361546939158,0.06868054163240081,0.37130668930638233
1,cognition,nihtbx_cryst_fc,2YearFollowUpYArm1,NIH Cryst 2Y,2.220915653439171,0.22284613691467772,0.0699831421342409,0.37570913169511455
1,cognition,nihtbx_cryst_fc,2YearFollowUpYArm1,NIH Cryst 2Y,2.249344279653286,0.22569865835996383,0.0712821972757868,0.3801151194441409
1,cognition,nihtbx_cryst_fc,2YearFollowUpYArm1,NIH Cryst 2Y,2.277772905867401,0.22855117980524997,0.07257781299042951,0.3845245466200704
1,cognition,nihtbx_cryst_fc,2YearFollowUpYArm1,NIH Cryst 2Y,2.3062015320815163,0.2314037012505361,0.07387009125377392,0.3889373112472983
1,cognition,nihtbx_cryst_fc,2YearFollowUpYArm1,NIH Cryst 2Y,2.3346301582956306,0.23425622269582214,0.07515913025555951,0.39335331513608474
1,cognition,nihtbx_cryst_fc,2YearFollowUpYArm1,NIH Cryst 2Y,2.3630587845097457,0.23710874414110827,0.07644502456337954,0.397772463718837
1,cognition,nihtbx_cryst_fc,2YearFollowUpYArm1,NIH Cryst 2Y,2.391487410723861,0.2399612655863944,0.07772786527860118,0.4021946658941876
1,cognition,nihtbx_cryst_fc,2YearFollowUpYArm1,NIH Cryst 2Y,2.419916036937976,0.24281378703168055,0.07900774018487333,0.40661983387848777
1,cognition,nihtbx_cryst_fc,2YearFollowUpYArm1,NIH Cryst 2Y,2.44834466315209,0.24566630847696658,0.08028473388958948,0.4110478830643437
1,cognition,nihtbx_cryst_fc,2YearFollowUpYArm1,NIH Cryst 2Y,2.476773289366205,0.24851882992225266,0.08155892795865538,0.41547873188584994
2,cbcl,cbcl_scr_syn_totprob_r,POOLED_ANNUAL,CBCL Total,-3.268944704910416,0.2608327203424225,0.0660295545533412,0.4556358861315038
2,cbcl,cbcl_scr_syn_totprob_r,POOLED_ANNUAL,CBCL Total,-3.2399035871121695,0.2585154973726601,0.06519169969874802,0.45183929504657216
2,cbcl,cbcl_scr_syn_totprob_r,POOLED_ANNUAL,CBCL Total,-3.210862469313923,0.2561982744028978,0.06435253668232926,0.4480440121234663
2,cbcl,cbcl_scr_syn_totprob_r,POOLED_ANNUAL,CBCL Total,-3.1818213515156764,0.25388105143313544,0.06351203503365765,0.4442500678326132
2,cbcl,cbcl_scr_syn_totprob_r,POOLED_ANNUAL,CBCL Total,-3.1527802337174298,0.2515638284633731,0.06267016335749886,0.44045749356924735
2,cbcl,cbcl_scr_syn_totprob_r,POOLED_ANNUAL,CBCL Total,-3.123739115919183,0.24924660549361075,0.061826889299647414,0.4366663216875741
2,cbcl,cbcl_scr_syn_totprob_r,POOLED_ANNUAL,CBCL Total,-3.0946979981209366,0.2469293825238484,0.06098217951129603,0.4328765855364008
2,cbcl,cbcl_scr_syn_totprob_r,POOLED_ANNUAL,CBCL Total,-3.06565688032269,0.24461215955408605,0.06013599961186741,0.42908831949630466
2,cbcl,cbcl_scr_syn_totprob_r,POOLED_ANNUAL,CBCL Total,-3.0366157625244434,0.24229493658432372,0.05928831415023603,0.4253015590184114
2,cbcl,cbcl_scr_syn_totprob_r,POOLED_ANNUAL,CBCL Total,-3.007574644726197,0.23997771361456136,0.058439086564259834,0.4215163406648629
2,cbcl,cbcl_scr_syn_totprob_r,POOLED_ANNUAL,CBCL Total,-2.9785335269279503,0.23766049064479902,0.05758827913854178,0.4177327021510563
2,cbcl,cbcl_scr_syn_totprob_r,POOLED_ANNUAL,CBCL Total,-2.9494924091297037,0.2353432676750367,0.05673585296033323,0.41395068238974014
2,cbcl,cbcl_scr_syn_totprob_r,POOLED_ANNUAL,CBCL Total,-2.920451291331457,0.23302604470527433,0.05588176787348975,0.4101703215370589
2,cbcl,cbcl_scr_syn_totprob_r,POOLED_ANNUAL,CBCL Total,-2.8914101735332105,0.230708821735512,0.05502598243038284,0.40639166104064117
2,cbcl,cbcl_scr_syn_totprob_r,POOLED_ANNUAL,CBCL Total,-2.862369055734964,0.22839159876574963,0.054168453841667324,0.40261474368983197
2,cbcl,cbcl_scr_syn_totprob_r,POOLED_ANNUAL,CBCL Total,-2.8333279379367173,0.2260743757959873,0.05330913792379913,0.39883961366817544
2,cbcl,cbcl_scr_syn_totprob_r,POOLED_ANNUAL,CBCL Total,-2.8042868201384707,0.22375715282622494,0.05244798904419079,0.3950663166082591
2,cbcl,cbcl_scr_syn_totprob_r,POOLED_ANNUAL,CBCL Total,-2.775245702340224,0.2214399298564626,0.05158496006388966,0.3912948996490355
2,cbcl,cbcl_scr_syn_totprob_r,POOLED_ANNUAL,CBCL Total,-2.746204584541978,0.2191227068867003,0.05072000227765314,0.3875254114957475
2,cbcl,cbcl_scr_syn_totprob_r,POOLED_ANNUAL,CBCL Total,-2.717163466743731,0.2168054839169379,0.04985306535129347,0.38375790248258235
2,cbcl,cbcl_scr_syn_totprob_r,POOLED_ANNUAL,CBCL Total,-2.688122348945485,0.2144882609471756,0.04898409725615441,0.3799924246381968
2,cbcl,cbcl_scr_syn_totprob_r,POOLED_ANNUAL,CBCL Total,-2.659081231147238,0.2121710379774132,0.04811304420057658,0.3762290317542498
2,cbcl,cbcl_scr_syn_totprob_r,POOLED_ANNUAL,CBCL Total,-2.6300401133489917,0.2098538150076509,0.04723985055820132,0.3724677794571005
2,cbcl,cbcl_scr_syn_totprob_r,POOLED_ANNUAL,CBCL Total,-2.6009989955507447,0.20753659203788852,0.04636445879295323,0.36870872528282383
2,cbcl,cbcl_scr_syn_totprob_r,POOLED_ANNUAL,CBCL Total,-2.5719578777524985,0.2052193690681262,0.04548680938053609,0.36495192875571636
2,cbcl,cbcl_scr_syn_totprob_r,POOLED_ANNUAL,CBCL Total,-2.5429167599542515,0.20290214609836382,0.04460684072626525,0.3611974514704624
2,cbcl,cbcl_scr_syn_totprob_r,POOLED_ANNUAL,CBCL Total,-2.5138756421560053,0.20058492312860152,0.043724489079054185,0.35744535717814885
2,cbcl,cbcl_scr_syn_totprob_r,POOLED_ANNUAL,CBCL Total,-2.4848345243577588,0.19826770015883918,0.04283968844135991,0.35369571187631843
2,cbcl,cbcl_scr_syn_totprob_r,POOLED_ANNUAL,CBCL Total,-2.455793406559512,0.19595047718907682,0.041952370474885675,0.349948583903268
2,cbcl,cbcl_scr_syn_totprob_r,POOLED_ANNUAL,CBCL Total,-2.4267522887612656,0.1936332542193145,0.0410624644018269,0.34620404403680205
2,cbcl,cbcl_scr_syn_totprob_r,POOLED_ANNUAL,CBCL Total,-2.397711170963019,0.19131603124955215,0.04016989690143663,0.3424621655976677
2,cbcl,cbcl_scr_syn_totprob_r,POOLED_ANNUAL,CBCL Total,-2.3686700531647724,0.1889988082797898,0.03927459200167652,0.33872302455790304
2,cbcl,cbcl_scr_syn_totprob_r,POOLED_ANNUAL,CBCL Total,-2.339628935366526,0.18668158531002746,0.03837647096570712,0.3349866996543478
2,cbcl,cbcl_scr_syn_totprob_r,POOLED_ANNUAL,CBCL Total,-2.3105878175682792,0.1843643623402651,0.03747545217295989,0.3312532725075703
2,cbcl,cbcl_scr_syn_totprob_r,POOLED_ANNUAL,CBCL Total,-2.2815466997700327,0.18204713937050276,0.03657145099452208,0.32752282774648345
2,cbcl,cbcl_scr_syn_totprob_r,POOLED_ANNUAL,CBCL Total,-2.252505581971786,0.1797299164007404,0.035664379662552176,0.32379545313892866
2,cbcl,cbcl_scr_syn_totprob_r,POOLED_ANNUAL,CBCL Total,-2.2234644641735395,0.17741269343097807,0.034754147133431945,0.3200712397285242
2,cbcl,cbcl_scr_syn_totprob_r,POOLED_ANNUAL,CBCL Total,-2.194423346375293,0.17509547046121574,0.033840658944347346,0.3163502819780841
2,cbcl,cbcl_scr_syn_totprob_r,POOLED_ANNUAL,CBCL Total,-2.1653822285770463,0.17277824749145337,0.03292381706297909,0.31263267791992766
2,cbcl,cbcl_scr_syn_totprob_r,POOLED_ANNUAL,CBCL Total,-2.1363411107787997,0.17046102452169104,0.03200351972996823,0.30891852931341385
2,cbcl,cbcl_scr_syn_totprob_r,POOLED_ANNUAL,CBCL Total,-2.107299992980553,0.16814380155192868,0.031079661293810956,0.3052079418100464
2,cbcl,cbcl_scr_syn_totprob_r,POOLED_ANNUAL,CBCL Total,-2.0782588751823066,0.16582657858216635,0.030152132037822438,0.3015010251265102
2,cbcl,cbcl_scr_syn_totprob_r,POOLED_ANNUAL,CBCL Total,-2.04921775738406,0.16350935561240398,0.029220817998797,0.29779789322601097
2,cbcl,cbcl_scr_syn_totprob_r,POOLED_ANNUAL,CBCL Total,-2.0201766395858134,0.16119213264264165,0.02828560077697942,0.2940986645083039
2,cbcl,cbcl_scr_syn_totprob_r,POOLED_ANNUAL,CBCL Total,-1.9911355217875668,0.1588749096728793,0.027346357336949262,0.2904034620088093
2,cbcl,cbcl_scr_syn_totprob_r,POOLED_ANNUAL,CBCL Total,-1.9620944039893202,0.15655768670311696,0.02640295979900978,0.2867124136072241
2,cbcl,cbcl_scr_syn_totprob_r,POOLED_ANNUAL,CBCL Total,-1.9330532861910736,0.15424046373335462,0.025455275220661155,0.2830256522460481
2,cbcl,cbcl_scr_syn_totprob_r,POOLED_ANNUAL,CBCL Total,-1.904012168392827,0.15192324076359226,0.024503165367729673,0.27934331615945485
2,cbcl,cbcl_scr_syn_totprob_r,POOLED_ANNUAL,CBCL Total,-1.8749710505945805,0.14960601779382993,0.023546486474716022,0.27566554911294383
2,cbcl,cbcl_scr_syn_totprob_r,POOLED_ANNUAL,CBCL Total,-1.8459299327963339,0.14728879482406756,0.022585088993919658,0.2719925006542155
2,cbcl,cbcl_scr_syn_totprob_r,POOLED_ANNUAL,CBCL Total,-1.8168888149980873,0.14497157185430523,0.021618817332894155,0.2683243263757163
2,cbcl,cbcl_scr_syn_totprob_r,POOLED_ANNUAL,CBCL Total,-1.7878476971998407,0.14265434888454287,0.020647509579785103,0.2646611881893006
2,cbcl,cbcl_scr_syn_totprob_r,POOLED_ANNUAL,CBCL Total,-1.7588065794015941,0.14033712591478054,0.019670997216108405,0.26100325461345264
2,cbcl,cbcl_scr_syn_totprob_r,POOLED_ANNUAL,CBCL Total,-1.7297654616033475,0.1380199029450182,0.018689104816529703,0.2573507010735067
2,cbcl,cbcl_scr_syn_totprob_r,POOLED_ANNUAL,CBCL Total,-1.7007243438051012,0.13570267997525587,0.01770164973522076,0.253703710215291
2,cbcl,cbcl_scr_syn_totprob_r,POOLED_ANNUAL,CBCL Total,-1.6716832260068546,0.1333854570054935,0.01670844177838321,0.2500624722326038
2,cbcl,cbcl_scr_syn_totprob_r,POOLED_ANNUAL,CBCL Total,-1.642642108208608,0.13106823403573117,0.015709282862555976,0.24642718520890639
2,cbcl,cbcl_scr_syn_totprob_r,POOLED_ANNUAL,CBCL Total,-1.6136009904103614,0.1287510110659688,0.01470396665835276,0.24279805547358485
2,cbcl,cbcl_scr_syn_totprob_r,POOLED_ANNUAL,CBCL Total,-1.5845598726121148,0.12643378809620648,0.013692278219318108,0.23917529797309484
2,cbcl,cbcl_scr_syn_totprob_r,POOLED_ANNUAL,CBCL Total,-1.5555187548138683,0.12411656512644413,0.012673993595640282,0.23555913665724798
2,cbcl,cbcl_scr_syn_totprob_r,POOLED_ANNUAL,CBCL Total,-1.5264776370156217,0.12179934215668178,0.01164887943252349,0.23194980488084008
2,cbcl,cbcl_scr_syn_totprob_r,POOLED_ANNUAL,CBCL Total,-1.497436519217375,0.11948211918691945,0.01061669255309744,0.22834754582074146
2,cbcl,cbcl_scr_syn_totprob_r,POOLED_ANNUAL,CBCL Total,-1.4683954014191285,0.1171648962171571,0.009577179525835783,0.22475261290847842
2,cbcl,cbcl_scr_syn_totprob_r,POOLED_ANNUAL,CBCL Total,-1.439354283620882,0.11484767324739475,0.008530076216564528,0.22116527027822497
2,cbcl,cbcl_scr_syn_totprob_r,POOLED_ANNUAL,CBCL Total,-1.4103131658226353,0.11253045027763241,0.007475107325272193,0.2175857932299926
2,cbcl,cbcl_scr_syn_totprob_r,POOLED_ANNUAL,CBCL Total,-1.3812720480243887,0.11021322730787006,0.0064119859080867675,0.21401446870765334
2,cbcl,cbcl_scr_syn_totprob_r,POOLED_ANNUAL,CBCL Total,-1.3522309302261422,0.10789600433810771,0.005340412884963688,0.21045159579125172
2,cbcl,cbcl_scr_syn_totprob_r,POOLED_ANNUAL,CBCL Total,-1.3231898124278956,0.10557878136834536,0.00426007653383649,0.20689748620285425
2,cbcl,cbcl_scr_syn_totprob_r,POOLED_ANNUAL,CBCL Total,-1.294148694629649,0.10326155839858302,0.003170651972222202,0.20335246482494385
2,cbcl,cbcl_scr_syn_totprob_r,POOLED_ANNUAL,CBCL Total,-1.2651075768314026,0.1009443354288207,0.0020718006275486645,0.19981687023009273
2,cbcl,cbcl_scr_syn_totprob_r,POOLED_ANNUAL,CBCL Total,-1.236066459033156,0.09862711245905835,0.0009631696977863285,0.19629105522033036
2,cbcl,cbcl_scr_syn_totprob_r,POOLED_ANNUAL,CBCL Total,-1.2070253412349095,0.096309889489296,-0.0001556083956749249,0.19277538737426692
2,cbcl,cbcl_scr_syn_totprob_r,POOLED_ANNUAL,CBCL Total,-1.1779842234366629,0.09399266651953365,-0.0012849165605575558,0.18927024959962485
2,cbcl,cbcl_scr_syn_totprob_r,POOLED_ANNUAL,CBCL Total,-1.1489431056384163,0.09167544354977131,-0.0024251535888339115,0.18577604068837653
2,cbcl,cbcl_scr_syn_totprob_r,POOLED_ANNUAL,CBCL Total,-1.1199019878401697,0.08935822058000897,-0.0035767347111542724,0.18229317587117222
2,cbcl,cbcl_scr_syn_totprob_r,POOLED_ANNUAL,CBCL Total,-1.0908608700419231,0.08704099761024663,-0.004740092146679822,0.1788220873671731
2,cbcl,cbcl_scr_syn_totprob_r,POOLED_ANNUAL,CBCL Total,-1.0618197522436765,0.08472377464048428,-0.005915675643801466,0.17536322492477002
2,cbcl,cbcl_scr_syn_totprob_r,POOLED_ANNUAL,CBCL Total,-1.03277863444543,0.08240655167072193,-0.007103953006528482,0.17191705634797233
2,cbcl,cbcl_scr_syn_totprob_r,POOLED_ANNUAL,CBCL Total,-1.0037375166471834,0.08008932870095958,-0.008305410600565985,0.16848406800248517
2,cbcl,cbcl_scr_syn_totprob_r,POOLED_ANNUAL,CBCL Total,-0.9746963988489368,0.07777210573119724,-0.00952055383226956,0.16506476529466402
2,cbcl,cbcl_scr_syn_totprob_r,POOLED_ANNUAL,CBCL Total,-0.9456552810506902,0.07545488276143489,-0.01074990759276756,0.16165967311563734
2,cbcl,cbcl_scr_syn_totprob_r,POOLED_ANNUAL,CBCL Total,-0.9166141632524436,0.07313765979167254,-0.011994016658581394,0.15826933624192646
2,cbcl,cbcl_scr_syn_totprob_r,POOLED_ANNUAL,CBCL Total,-0.887573045454197,0.07082043682191021,-0.013253446039056122,0.15489431968287654
2,cbcl,cbcl_scr_syn_totprob_r,POOLED_ANNUAL,CBCL Total,-0.8585319276559504,0.06850321385214786,-0.01452878125984676,0.15153520896414246
2,cbcl,cbcl_scr_syn_totprob_r,POOLED_ANNUAL,CBCL Total,-0.8294908098577038,0.06618599088238551,-0.015820628570602235,0.14819261033537326
2,cbcl,cbcl_scr_syn_totprob_r,POOLED_ANNUAL,CBCL Total,-0.8004496920594573,0.06386876791262316,-0.017129615063866177,0.1448671508891125
2,cbcl,cbcl_scr_syn_totprob_r,POOLED_ANNUAL,CBCL Total,-0.7714085742612107,0.06155154494286081,-0.018456388691091834,0.14155947857681345
2,cbcl,cbcl_scr_syn_totprob_r,POOLED_ANNUAL,CBCL Total,-0.7423674564629641,0.05923432197309847,-0.019801618160577086,0.138270262106774
2,cbcl,cbcl_scr_syn_totprob_r,POOLED_ANNUAL,CBCL Total,-0.7133263386647175,0.05691709900333612,-0.021165992701097314,0.13500019070776956
2,cbcl,cbcl_scr_syn_totprob_r,POOLED_ANNUAL,CBCL Total,-0.6842852208664709,0.054599876033573774,-0.022550221674089696,0.13174997374123726
2,cbcl,cbcl_scr_syn_totprob_r,POOLED_ANNUAL,CBCL Total,-0.6552441030682243,0.05228265306381143,-0.02395503401647138,0.12852034014409425
2,cbcl,cbcl_scr_syn_totprob_r,POOLED_ANNUAL,CBCL Total,-0.6262029852699778,0.049965430094049086,-0.025381177495611258,0.12531203768370944
2,cbcl,cbcl_scr_syn_totprob_r,POOLED_ANNUAL,CBCL Total,-0.5971618674717312,0.04764820712428674,-0.026829417757683292,0.12212583200625676
2,cbcl,cbcl_scr_syn_totprob_r,POOLED_ANNUAL,CBCL Total,-0.5681207496734846,0.04533098415452439,-0.02830053715067931,0.11896250545972809
2,cbcl,cbcl_scr_syn_totprob_r,POOLED_ANNUAL,CBCL Total,-0.539079631875238,0.043013761184762044,-0.02979533330382455,0.11582285567334863
2,cbcl,cbcl_scr_syn_totprob_r,POOLED_ANNUAL,CBCL Total,-0.5100385140769914,0.0406965382149997,-0.03131461744610073,0.11270769387610013
2,cbcl,cbcl_scr_syn_totprob_r,POOLED_ANNUAL,CBCL Total,-0.4809973962787448,0.038379315245237355,-0.03285921244811538,0.10961784293859009
2,cbcl,cbcl_scr_syn_totprob_r,POOLED_ANNUAL,CBCL Total,-0.45195627848049824,0.03606209227547501,-0.0344299505737429,0.10655413512469292
2,cbcl,cbcl_scr_syn_totprob_r,POOLED_ANNUAL,CBCL Total,-0.42291516068225166,0.03374486930571266,-0.03602767093086899,0.10351740954229431
2,cbcl,cbcl_scr_syn_totprob_r,POOLED_ANNUAL,CBCL Total,-0.39387404288400507,0.03142764633595032,-0.037653216614253755,0.1005085092861544
2,cbcl,cbcl_scr_syn_totprob_r,POOLED_ANNUAL,CBCL Total,-0.3648329250857585,0.029110423366187976,-0.039307431538028306,0.09752827827040426
2,cbcl,cbcl_scr_syn_totprob_r,POOLED_ANNUAL,CBCL Total,-0.3357918072875119,0.02679320039642563,-0.04099115696066634,0.0945775577535176
2,cbcl,cbcl_scr_syn_totprob_r,POOLED_ANNUAL,CBCL Total,-0.3067506894892653,0.024475977426663284,-0.04270522771140746,0.09165718256473403
2,cbcl,cbcl_scr_syn_totprob_r,POOLED_ANNUAL,CBCL Total,-0.27770957169101873,0.02215875445690094,-0.04445046813399245,0.08876797704779432
2,cbcl,cbcl_scr_syn_totprob_r,POOLED_ANNUAL,CBCL Total,-0.24866845389277215,0.019841531487138592,-0.04622768777109741,0.08591075074537459
2,cbcl,cbcl_scr_syn_totprob_r,POOLED_ANNUAL,CBCL Total,-0.21962733609452556,0.01752430851737625,-0.04803767682087128,0.08308629385562377
2,cbcl,cbcl_scr_syn_totprob_r,POOLED_ANNUAL,CBCL Total,-0.19058621829627898,0.0152070855476139,-0.04988120140528068,0.08029537250050847
2,cbcl,cbcl_scr_syn_totprob_r,POOLED_ANNUAL,CBCL Total,-0.16154510049803283,0.012889862577851591,-0.051758998698292716,0.07753872385399589
2,cbcl,cbcl_scr_syn_totprob_r,POOLED_ANNUAL,CBCL Total,-0.13250398269978625,0.010572639608089246,-0.05367177196997718,0.07481705118615567
2,cbcl,cbcl_scr_syn_totprob_r,POOLED_ANNUAL,CBCL Total,-0.10346286490153966,0.0082554166383269,-0.055620185610042415,0.07213101888669621
2,cbcl,cbcl_scr_syn_totprob_r,POOLED_ANNUAL,CBCL Total,-0.07442174710329308,0.005938193668564554,-0.057604860200775175,0.06948124753790429
2,cbcl,cbcl_scr_syn_totprob_r,POOLED_ANNUAL,CBCL Total,-0.045380629305046494,0.003620970698802208,-0.05962636771446053,0.06686830911206496
2,cbcl,cbcl_scr_syn_totprob_r,POOLED_ANNUAL,CBCL Total,-0.01633951150679991,0.0013037477290398626,-0.06168522691376403,0.06429272237184376
2,cbcl,cbcl_scr_syn_totprob_r,POOLED_ANNUAL,CBCL Total,0.012701606291446677,-0.0010134752407224832,-0.06378189903495078,0.061754948553505815
2,cbcl,cbcl_scr_syn_totprob_r,POOLED_ANNUAL,CBCL Total,0.04174272408969326,-0.0033306982104848288,-0.0659167838329452,0.059255387411975544
2,cbcl,cbcl_scr_syn_totprob_r,POOLED_ANNUAL,CBCL Total,0.07078384188793985,-0.005647921180247175,-0.06809021606394021,0.05679437370344585
2,cbcl,cbcl_scr_syn_totprob_r,POOLED_ANNUAL,CBCL Total,0.09982495968618643,-0.007965144150009519,-0.07030246247548974,0.05437217417547071
2,cbcl,cbcl_scr_syn_totprob_r,POOLED_ANNUAL,CBCL Total,0.12886607748443302,-0.010282367119771865,-0.07255371936582858,0.051988985126284845
2,cbcl,cbcl_scr_syn_totprob_r,POOLED_ANNUAL,CBCL Total,0.1579071952826796,-0.01259959008953421,-0.07484411076374886,0.04964493058468043
2,cbcl,cbcl_scr_syn_totprob_r,POOLED_ANNUAL,CBCL Total,0.1869483130809262,-0.014916813059296557,-0.07717368726803783,0.04734006114944472
2,cbcl,cbcl_scr_syn_totprob_r,POOLED_ANNUAL,CBCL Total,0.21598943087917277,-0.017234036029058902,-0.07954242557166688,0.04507435351354907
2,cbcl,cbcl_scr_syn_totprob_r,POOLED_ANNUAL,CBCL Total,0.24503054867741936,-0.01955125899882125,-0.08195022868113061,0.04284771068348812
2,cbcl,cbcl_scr_syn_totprob_r,POOLED_ANNUAL,CBCL Total,0.27407166647566594,-0.021868481968583594,-0.08439692682613774,0.040659962888970544
2,cbcl,cbcl_scr_syn_totprob_r,POOLED_ANNUAL,CBCL Total,0.30311278427391253,-0.024185704938345938,-0.08688227903984416,0.03851086916315228
2,cbcl,cbcl_scr_syn_totprob_r,POOLED_ANNUAL,CBCL Total,0.3321539020721591,-0.026502927908108286,-0.08940597537558131,0.03640011955936475
2,cbcl,cbcl_scr_syn_totprob_r,POOLED_ANNUAL,CBCL Total,0.3611950198704057,-0.02882015087787063,-0.09196763971310237,0.03432733795736112
2,cbcl,cbcl_scr_syn_totprob_r,POOLED_ANNUAL,CBCL Total,0.3902361376686523,-0.031137373847632977,-0.0945668330962054,0.032292085400939446
2,cbcl,cbcl_scr_syn_totprob_r,POOLED_ANNUAL,CBCL Total,0.41927725546689887,-0.03345459681739533,-0.09720305753455258,0.03029386389976193
2,cbcl,cbcl_scr_syn_totprob_r,POOLED_ANNUAL,CBCL Total,0.44831837326514545,-0.03577181978715767,-0.09987576019582223,0.02833212062150689
2,cbcl,cbcl_scr_syn_totprob_r,POOLED_ANNUAL,CBCL Total,0.47735949106339204,-0.038089042756920016,-0.10258433791011963,0.026406252396279598
2,cbcl,cbcl_scr_syn_totprob_r,POOLED_ANNUAL,CBCL Total,0.5064006088616386,-0.040406265726682364,-0.10532814190681977,0.024515610453455045
2,cbcl,cbcl_scr_syn_totprob_r,POOLED_ANNUAL,CBCL Total,0.5354417266598852,-0.04272348869644471,-0.10810648270459558,0.022659505311706157
2,cbcl,cbcl_scr_syn_totprob_r,POOLED_ANNUAL,CBCL Total,0.5644828444581318,-0.04504071166620705,-0.11091863507808103,0.02083721174566692
2,cbcl,cbcl_scr_syn_totprob_r,POOLED_ANNUAL,CBCL Total,0.5935239622563784,-0.0473579346359694,-0.11376384302913586,0.01904797375719707
2,cbcl,cbcl_scr_syn_totprob_r,POOLED_ANNUAL,CBCL Total,0.622565080054625,-0.04967515760573175,-0.11664132469667804,0.017291009485214552
2,cbcl,cbcl_scr_syn_totprob_r,POOLED_ANNUAL,CBCL Total,0.6516061978528715,-0.051992380575494095,-0.11955027714616528,0.015565515995177102
2,cbcl,cbcl_scr_syn_totprob_r,POOLED_ANNUAL,CBCL Total,0.6806473156511181,-0.054309603545256435,-0.12248988098767016,0.013870673897157293
2,cbcl,cbcl_scr_syn_totprob_r,POOLED_ANNUAL,CBCL Total,0.7096884334493647,-0.05662682651501878,-0.12545930477975628,0.012205651749718716
2,cbcl,cbcl_scr_syn_totprob_r,POOLED_ANNUAL,CBCL Total,0.7387295512476109,-0.058944049484781096,-0.12845770918470373,0.010569610215141544
2,cbcl,cbcl_scr_syn_totprob_r,POOLED_ANNUAL,CBCL Total,0.7677706690458579,-0.06126127245454347,-0.13148425084878265,0.008961705939695704
2,cbcl,cbcl_scr_syn_totprob_r,POOLED_ANNUAL,CBCL Total,0.796811786844104,-0.06357849542430578,-0.13453808598899938,0.007381095140387817
2,cbcl,cbcl_scr_syn_totprob_r,POOLED_ANNUAL,CBCL Total,0.8258529046423511,-0.06589571839406816,-0.13761837367488,0.005826936886743697
2,cbcl,cbcl_scr_syn_totprob_r,POOLED_ANNUAL,CBCL Total,0.8548940224405972,-0.06821294136383046,-0.14072427880027155,0.004298396072610622
2,cbcl,cbcl_scr_syn_totprob_r,POOLED_ANNUAL,CBCL Total,0.8839351402388442,-0.07053016433359285,-0.1438549747457768,0.0027946460785911037
2,cbcl,cbcl_scr_syn_totprob_r,POOLED_ANNUAL,CBCL Total,0.9129762580370904,-0.07284738730335516,-0.1470096457372382,0.0013148711305278893
2,cbcl,cbcl_scr_syn_totprob_r,POOLED_ANNUAL,CBCL Total,0.9420173758353374,-0.07516461027311754,-0.15018748890967376,-0.0001417316365613236
2,cbcl,cbcl_scr_syn_totprob_r,POOLED_ANNUAL,CBCL Total,0.9710584936335835,-0.07748183324287986,-0.15338771608924995,-0.001575950396509762
2,cbcl,cbcl_scr_syn_totprob_r,POOLED_ANNUAL,CBCL Total,1.0000996114318306,-0.07979905621264223,-0.15660955530832787,-0.002988557116956586
2,cbcl,cbcl_scr_syn_totprob_r,POOLED_ANNUAL,CBCL Total,1.0291407292300767,-0.08211627918240454,-0.1598522520703785,-0.00438030629443055
2,cbcl,cbcl_scr_syn_totprob_r,POOLED_ANNUAL,CBCL Total,1.0581818470283237,-0.08443350215216693,-0.16311507038273398,-0.0057519339215998805
2,cbcl,cbcl_scr_syn_totprob_r,POOLED_ANNUAL,CBCL Total,1.0872229648265699,-0.08675072512192923,-0.16639729357577387,-0.007104156668084588
2,cbcl,cbcl_scr_syn_totprob_r,POOLED_ANNUAL,CBCL Total,1.116264082624817,-0.08906794809169162,-0.16969822492734804,-0.008437671256035187
2,cbcl,cbcl_scr_syn_totprob_r,POOLED_ANNUAL,CBCL Total,1.145305200423063,-0.09138517106145393,-0.17301718811105438,-0.009753154011853463
2,cbcl,cbcl_scr_syn_totprob_r,POOLED_ANNUAL,CBCL Total,1.17434631822131,-0.0937023940312163,-0.17635352748652938,-0.011051260575903207
2,cbcl,cbcl_scr_syn_totprob_r,POOLED_ANNUAL,CBCL Total,1.2033874360195562,-0.09601961700097862,-0.17970660824919907,-0.012332625752758175
2,cbcl,cbcl_scr_syn_totprob_r,POOLED_ANNUAL,CBCL Total,1.2324285538178033,-0.098336839970741,-0.18307581645607224,-0.013597863485409742
2,cbcl,cbcl_scr_syn_totprob_r,POOLED_ANNUAL,CBCL Total,1.2614696716160494,-0.1006540629405033,-0.1864605589431566,-0.014847566937849999
2,cbcl,cbcl_scr_syn_totprob_r,POOLED_ANNUAL,CBCL Total,1.2905107894142964,-0.10297128591026569,-0.18986026314901122,-0.016082308671520176
2,cbcl,cbcl_scr_syn_totprob_r,POOLED_ANNUAL,CBCL Total,1.3195519072125426,-0.105288508880028,-0.19327437685782972,-0.01730264090222626
2,cbcl,cbcl_scr_syn_totprob_r,POOLED_ANNUAL,CBCL Total,1.3485930250107896,-0.10760573184979039,-0.19670236787432904,-0.018509095825251717
2,cbcl,cbcl_scr_syn_totprob_r,POOLED_ANNUAL,CBCL Total,1.3776341428090357,-0.10992295481955269,-0.200143723641599,-0.019702185997506408
2,cbcl,cbcl_scr_syn_totprob_r,POOLED_ANNUAL,CBCL Total,1.4066752606072828,-0.11224017778931507,-0.20359795081199314,-0.020882404766636997
2,cbcl,cbcl_scr_syn_totprob_r,POOLED_ANNUAL,CBCL Total,1.435716378405529,-0.11455740075907739,-0.2070645747800972,-0.02205022673805755
2,cbcl,cbcl_scr_syn_totprob_r,POOLED_ANNUAL,CBCL Total,1.464757496203776,-0.11687462372883976,-0.21054313918583512,-0.02320610827184441
2,cbcl,cbcl_scr_syn_totprob_r,POOLED_ANNUAL,CBCL Total,1.493798614002022,-0.11919184669860207,-0.21403320539484566,-0.024350488002358464
2,cbcl,cbcl_scr_syn_totprob_r,POOLED_ANNUAL,CBCL Total,1.522839731800269,-0.12150906966836446,-0.21753435196241322,-0.025483787374315697
2,cbcl,cbcl_scr_syn_totprob_r,POOLED_ANNUAL,CBCL Total,1.5518808495985152,-0.12382629263812676,-0.22104617408643962,-0.026606411189813925
2,cbcl,cbcl_scr_syn_totprob_r,POOLED_ANNUAL,CBCL Total,1.5809219673967623,-0.12614351560788914,-0.2245682830542301,-0.027718748161548193
2,cbcl,cbcl_scr_syn_totprob_r,POOLED_ANNUAL,CBCL Total,1.6099630851950084,-0.12846073857765145,-0.22810030568720202,-0.028821171468100884
2,cbcl,cbcl_scr_syn_totprob_r,POOLED_ANNUAL,CBCL Total,1.6390042029932554,-0.13077796154741383,-0.23164188378703832,-0.029914039307789367
2,cbcl,cbcl_scr_syn_totprob_r,POOLED_ANNUAL,CBCL Total,1.6680453207915016,-0.13309518451717614,-0.23519267358626844,-0.030997695448083826
2,cbcl,cbcl_scr_syn_totprob_r,POOLED_ANNUAL,CBCL Total,1.6970864385897477,-0.13541240748693845,-0.23875234520578884,-0.03207246976808806
2,cbcl,cbcl_scr_syn_totprob_r,POOLED_ANNUAL,CBCL Total,1.7261275563879948,-0.13772963045670084,-0.2423205821214045,-0.03313867879199715
2,cbcl,cbcl_scr_syn_totprob_r,POOLED_ANNUAL,CBCL Total,1.755168674186241,-0.14004685342646314,-0.24589708064110316,-0.034196626211823136
2,cbcl,cbcl_scr_syn_totprob_r,POOLED_ANNUAL,CBCL Total,1.784209791984488,-0.14236407639622553,-0.2494815493944414,-0.03524660339800967
2,cbcl,cbcl_scr_syn_totprob_r,POOLED_ANNUAL,CBCL Total,1.813250909782734,-0.14468129936598784,-0.25307370883512975,-0.036288889896845936
2,cbcl,cbcl_scr_syn_totprob_r,POOLED_ANNUAL,CBCL Total,1.842292027580981,-0.14699852233575023,-0.2566732907576566,-0.037323753913843835
2,cbcl,cbcl_scr_syn_totprob_r,POOLED_ANNUAL,CBCL Total,1.8713331453792272,-0.14931574530551253,-0.26028003782856474,-0.03835145278246033
2,cbcl,cbcl_scr_syn_totprob_r,POOLED_ANNUAL,CBCL Total,1.9003742631774743,-0.15163296827527492,-0.2638937031328121,-0.03937223341773778
2,cbcl,cbcl_scr_syn_totprob_r,POOLED_ANNUAL,CBCL Total,1.9294153809757204,-0.15395019124503723,-0.26751404973547876,-0.04038633275459566
2,cbcl,cbcl_scr_syn_totprob_r,POOLED_ANNUAL,CBCL Total,1.9584564987739674,-0.15626741421479962,-0.2711408502589516,-0.04139397817064763
2,cbcl,cbcl_scr_syn_totprob_r,POOLED_ANNUAL,CBCL Total,1.9874976165722136,-0.15858463718456192,-0.2747738864755903,-0.04239538789353353
2,cbcl,cbcl_scr_syn_totprob_r,POOLED_ANNUAL,CBCL Total,2.0165387343704606,-0.16090186015432428,-0.2784129489157925,-0.043390771392856076
2,cbcl,cbcl_scr_syn_totprob_r,POOLED_ANNUAL,CBCL Total,2.0455798521687067,-0.16321908312408662,-0.28205783649127997,-0.04438032975689325
2,cbcl,cbcl_scr_syn_totprob_r,POOLED_ANNUAL,CBCL Total,2.0746209699669538,-0.16553630609384898,-0.285708356133372,-0.045364256054325994
2,cbcl,cbcl_scr_syn_totprob_r,POOLED_ANNUAL,CBCL Total,2.1036620877652,-0.16785352906361128,-0.2893643224459469,-0.046342735681275685
2,cbcl,cbcl_scr_syn_totprob_r,POOLED_ANNUAL,CBCL Total,2.132703205563447,-0.17017075203337367,-0.2930255573727569,-0.04731594669399049
2,cbcl,cbcl_scr_syn_totprob_r,POOLED_ANNUAL,CBCL Total,2.161744323361693,-0.17248797500313598,-0.29669188987871814,-0.04828406012755383
2,cbcl,cbcl_scr_syn_totprob_r,POOLED_ANNUAL,CBCL Total,2.19078544115994,-0.17480519797289837,-0.30036315564478,-0.04924724030101671
2,cbcl,cbcl_scr_syn_totprob_r,POOLED_ANNUAL,CBCL Total,2.2198265589581863,-0.17712242094266067,-0.30403919677594926,-0.05020564510937209
2,cbcl,cbcl_scr_syn_totprob_r,POOLED_ANNUAL,CBCL Total,2.2488676767564333,-0.17943964391242306,-0.30771986152203923,-0.0511594263028069
2,cbcl,cbcl_scr_syn_totprob_r,POOLED_ANNUAL,CBCL Total,2.2779087945546794,-0.18175686688218537,-0.31140500401069854,-0.0521087297536722
2,cbcl,cbcl_scr_syn_totprob_r,POOLED_ANNUAL,CBCL Total,2.3069499123529265,-0.18407408985194776,-0.31509448399227646,-0.053053695711619026
2,cbcl,cbcl_scr_syn_totprob_r,POOLED_ANNUAL,CBCL Total,2.3359910301511726,-0.18639131282171006,-0.31878816659607456,-0.05399445904734557
2,cbcl,cbcl_scr_syn_totprob_r,POOLED_ANNUAL,CBCL Total,2.3650321479494196,-0.18870853579147245,-0.3224859220975439,-0.05493114948540101
2,cbcl,cbcl_scr_syn_totprob_r,POOLED_ANNUAL,CBCL Total,2.3940732657476658,-0.19102575876123476,-0.3261876256959857,-0.055863891826483825
2,cbcl,cbcl_scr_syn_totprob_r,POOLED_ANNUAL,CBCL Total,2.423114383545913,-0.19334298173099715,-0.3298931573023264,-0.05679280615966795
2,cbcl,cbcl_scr_syn_totprob_r,POOLED_ANNUAL,CBCL Total,2.452155501344159,-0.19566020470075945,-0.33360240133654007,-0.05771800806497887
2,cbcl,cbcl_scr_syn_totprob_r,POOLED_ANNUAL,CBCL Total,2.481196619142406,-0.19797742767052182,-0.33731524653431033,-0.0586396088067333
2,cbcl,cbcl_scr_syn_totprob_r,POOLED_ANNUAL,CBCL Total,2.510237736940652,-0.20029465064028415,-0.341031585762524,-0.059557715518044285
3,cbcl,cbcl_scr_syn_attention_r,POOLED_ANNUAL,CBCL Attention,-3.268944704910416,0.25036716683027777,0.05856473178551905,0.4421696018750365
3,cbcl,cbcl_scr_syn_attention_r,POOLED_ANNUAL,CBCL Attention,-3.2399035871121695,0.2481429192393628,0.05781767958379713,0.43846815889492846
3,cbcl,cbcl_scr_syn_attention_r,POOLED_ANNUAL,CBCL Attention,-3.210862469313923,0.2459186716484478,0.05706931106936311,0.43476803222753246
3,cbcl,cbcl_scr_syn_attention_r,POOLED_ANNUAL,CBCL Attention,-3.1818213515156764,0.2436944240575328,0.056319595137955564,0.4310692529771101
3,cbcl,cbcl_scr_syn_attention_r,POOLED_ANNUAL,CBCL Attention,-3.1527802337174298,0.2414701764666178,0.05556849972731687,0.42737185320591875
3,cbcl,cbcl_scr_syn_attention_r,POOLED_ANNUAL,CBCL Attention,-3.123739115919183,0.23924592887570278,0.054815991781267726,0.42367586597013784
3,cbcl,cbcl_scr_syn_attention_r,POOLED_ANNUAL,CBCL Attention,-3.0946979981209366,0.2370216812847878,0.05406203721221631,0.41998132535735927
3,cbcl,cbcl_scr_syn_attention_r,POOLED_ANNUAL,CBCL Attention,-3.06565688032269,0.2347974336938728,0.05330660086202471,0.4162882665257209
3,cbcl,cbcl_scr_syn_attention_r,POOLED_ANNUAL,CBCL Attention,-3.0366157625244434,0.2325731861029578,0.05254964646115248,0.41259672574476314
3,cbcl,cbcl_scr_syn_attention_r,POOLED_ANNUAL,CBCL Attention,-3.007574644726197,0.2303489385120428,0.05179113658599285,0.4089067404380927
3,cbcl,cbcl_scr_syn_attention_r,POOLED_ANNUAL,CBCL Attention,-2.9785335269279503,0.22812469092112778,0.05103103261431163,0.4052183492279439
3,cbcl,cbcl_scr_syn_attention_r,POOLED_ANNUAL,CBCL Attention,-2.9494924091297037,0.22590044333021278,0.050269294678695814,0.4015315919817297
3,cbcl,cbcl_scr_syn_attention_r,POOLED_ANNUAL,CBCL Attention,-2.920451291331457,0.22367619573929778,0.04950588161791203,0.39784650986068354
3,cbcl,cbcl_scr_syn_attention_r,POOLED_ANNUAL,CBCL Attention,-2.8914101735332105,0.2214519481483828,0.04874075092607144,0.39416314537069413
3,cbcl,cbcl_scr_syn_attention_r,POOLED_ANNUAL,CBCL Attention,-2.862369055734964,0.2192277005574678,0.047973858699490446,0.39048154241544514
3,cbcl,cbcl_scr_syn_attention_r,POOLED_ANNUAL,CBCL Attention,-2.8333279379367173,0.21700345296655277,0.04720515958113286,0.3868017463519727
3,cbcl,cbcl_scr_syn_attention_r,POOLED_ANNUAL,CBCL Attention,-2.8042868201384707,0.21477920537563777,0.04643460670251087,0.38312380404876467
3,cbcl,cbcl_scr_syn_attention_r,POOLED_ANNUAL,CBCL Attention,-2.775245702340224,0.21255495778472278,0.045662151622916536,0.379447763946529
3,cbcl,cbcl_scr_syn_attention_r,POOLED_ANNUAL,CBCL Attention,-2.746204584541978,0.2103307101938078,0.04488774426585024,0.3757736761217654
3,cbcl,cbcl_scr_syn_attention_r,POOLED_ANNUAL,CBCL Attention,-2.717163466743731,0.20810646260289278,0.04411133285250218,0.3721015923532834
3,cbcl,cbcl_scr_syn_attention_r,POOLED_ANNUAL,CBCL Attention,-2.688122348945485,0.20588221501197781,0.04333286383213891,0.3684315661918167
3,cbcl,cbcl_scr_syn_attention_r,POOLED_ANNUAL,CBCL Attention,-2.659081231147238,0.20365796742106276,0.04255228180923598,0.36476365303288955
3,cbcl,cbcl_scr_syn_attention_r,POOLED_ANNUAL,CBCL Attention,-2.6300401133489917,0.2014337198301478,0.041769529467192645,0.36109791019310294
3,cbcl,cbcl_scr_syn_attention_r,POOLED_ANNUAL,CBCL Attention,-2.6009989955507447,0.19920947223923277,0.040984547488452094,0.35743439699001345
3,cbcl,cbcl_scr_syn_attention_r,POOLED_ANNUAL,CBCL Attention,-2.5719578777524985,0.1969852246483178,0.0401972744708457,0.3537731748257899
3,cbcl,cbcl_scr_syn_attention_r,POOLED_ANNUAL,CBCL Attention,-2.5429167599542515,0.19476097705740275,0.03940764683996664,0.35011430727483883
3,cbcl,cbcl_scr_syn_attention_r,POOLED_ANNUAL,CBCL Attention,-2.5138756421560053,0.19253672946648778,0.038615598757370806,0.34645786017560476
3,cbcl,cbcl_scr_syn_attention_r,POOLED_ANNUAL,CBCL Attention,-2.4848345243577588,0.1903124818755728,0.03782106202439095,0.3428039017267546
3,cbcl,cbcl_scr_syn_attention_r,POOLED_ANNUAL,CBCL Attention,-2.455793406559512,0.1880882342846578,0.03702396598134,0.3391525025879756
3,cbcl,cbcl_scr_syn_attention_r,POOLED_ANNUAL,CBCL Attention,-2.4267522887612656,0.1858639866937428,0.03622423740186789,0.33550373598561767
3,cbcl,cbcl_scr_syn_attention_r,POOLED_ANNUAL,CBCL Attention,-2.397711170963019,0.1836397391028278,0.03542180038222417,0.33185767782343145
3,cbcl,cbcl_scr_syn_attention_r,POOLED_ANNUAL,CBCL Attention,-2.3686700531647724,0.18141549151191277,0.03461657622516737,0.3282144067986582
3,cbcl,cbcl_scr_syn_attention_r,POOLED_ANNUAL,CBCL Attention,-2.339628935366526,0.17919124392099778,0.033808483318247706,0.32457400452374785
3,cbcl,cbcl_scr_syn_attention_r,POOLED_ANNUAL,CBCL Attention,-2.3105878175682792,0.17696699633008278,0.03299743700617902,0.32093655565398654
3,cbcl,cbcl_scr_syn_attention_r,POOLED_ANNUAL,CBCL Attention,-2.2815466997700327,0.17474274873916779,0.032183349456999855,0.3173021480213357
3,cbcl,cbcl_scr_syn_attention_r,POOLED_ANNUAL,CBCL Attention,-2.252505581971786,0.1725185011482528,0.03136612952171175,0.31367087277479383
3,cbcl,cbcl_scr_syn_attention_r,POOLED_ANNUAL,CBCL Attention,-2.2234644641735395,0.17029425355733777,0.03054568258706722,0.31004282452760834
3,cbcl,cbcl_scr_syn_attention_r,POOLED_ANNUAL,CBCL Attention,-2.194423346375293,0.16807000596642277,0.02972191042116648,0.30641810151167903
3,cbcl,cbcl_scr_syn_attention_r,POOLED_ANNUAL,CBCL Attention,-2.1653822285770463,0.16584575837550777,0.028894711011506202,0.30279680573950934
3,cbcl,cbcl_scr_syn_attention_r,POOLED_ANNUAL,CBCL Attention,-2.1363411107787997,0.16362151078459278,0.028063978395109962,0.2991790431740756
3,cbcl,cbcl_scr_syn_attention_r,POOLED_ANNUAL,CBCL Attention,-2.107299992980553,0.16139726319367778,0.027229602480354692,0.29556492390700084
3,cbcl,cbcl_scr_syn_attention_r,POOLED_ANNUAL,CBCL Attention,-2.0782588751823066,0.15917301560276276,0.026391468860091805,0.2919545623454337
3,cbcl,cbcl_scr_syn_attention_r,POOLED_ANNUAL,CBCL Attention,-2.04921775738406,0.15694876801184776,0.02554945861564939,0.28834807740804613
3,cbcl,cbcl_scr_syn_attention_r,POOLED_ANNUAL,CBCL Attention,-2.0201766395858134,0.15472452042093277,0.024703448111284998,0.28474559273058053
3,cbcl,cbcl_scr_syn_attention_r,POOLED_ANNUAL,CBCL Attention,-1.9911355217875668,0.15250027283001777,0.023853308778647858,0.28114723688138765
3,cbcl,cbcl_scr_syn_attention_r,POOLED_ANNUAL,CBCL Attention,-1.9620944039893202,0.15027602523910277,0.02299890689079437,0.2775531435874112
3,cbcl,cbcl_scr_syn_attention_r,POOLED_ANNUAL,CBCL Attention,-1.9330532861910736,0.14805177764818775,0.022140103325291177,0.2739634519710843
3,cbcl,cbcl_scr_syn_attention_r,POOLED_ANNUAL,CBCL Attention,-1.904012168392827,0.14582753005727275,0.021276753315928945,0.2703783067986166
3,cbcl,cbcl_scr_syn_attention_r,POOLED_ANNUAL,CBCL Attention,-1.8749710505945805,0.14360328246635776,0.02040870619256234,0.26679785874015316
3,cbcl,cbcl_scr_syn_attention_r,POOLED_ANNUAL,CBCL Attention,-1.8459299327963339,0.14137903487544276,0.01953580510858642,0.2632222646422991
3,cbcl,cbcl_scr_syn_attention_r,POOLED_ANNUAL,CBCL Attention,-1.8168888149980873,0.13915478728452776,0.018657886755555964,0.25965168781349957
3,cbcl,cbcl_scr_syn_attention_r,POOLED_ANNUAL,CBCL Attention,-1.7878476971998407,0.13693053969361274,0.017774781064455708,0.25608629832276975
3,cbcl,cbcl_scr_syn_attention_r,POOLED_ANNUAL,CBCL Attention,-1.7588065794015941,0.13470629210269774,0.016886310893133957,0.2525262733122615
3,cbcl,cbcl_scr_syn_attention_r,POOLED_ANNUAL,CBCL Attention,-1.7297654616033475,0.13248204451178275,0.0159922916994215,0.24897179732414398
3,cbcl,cbcl_scr_syn_attention_r,POOLED_ANNUAL,CBCL Attention,-1.7007243438051012,0.13025779692086775,0.015092531199474499,0.245423062642261
3,cbcl,cbcl_scr_syn_attention_r,POOLED_ANNUAL,CBCL Attention,-1.6716832260068546,0.12803354932995276,0.01418682901090168,0.24188026964900383
3,cbcl,cbcl_scr_syn_attention_r,POOLED_ANNUAL,CBCL Attention,-1.642642108208608,0.12580930173903776,0.01327497628026772,0.2383436271978078
3,cbcl,cbcl_scr_syn_attention_r,POOLED_ANNUAL,CBCL Attention,-1.6136009904103614,0.12358505414812276,0.012356755294604588,0.23481335300164094
3,cbcl,cbcl_scr_syn_attention_r,POOLED_ANNUAL,CBCL Attention,-1.5845598726121148,0.12136080655720775,0.011431939076614855,0.23128967403780065
3,cbcl,cbcl_scr_syn_attention_r,POOLED_ANNUAL,CBCL Attention,-1.5555187548138683,0.11913655896629276,0.010500290963314216,0.2277728269692713
3,cbcl,cbcl_scr_syn_attention_r,POOLED_ANNUAL,CBCL Attention,-1.5264776370156217,0.11691231137537776,0.009561564167939851,0.22426305858281567
3,cbcl,cbcl_scr_syn_attention_r,POOLED_ANNUAL,CBCL Attention,-1.497436519217375,0.11468806378446275,0.00861550132504764,0.22076062624387788
3,cbcl,cbcl_scr_syn_attention_r,POOLED_ANNUAL,CBCL Attention,-1.4683954014191285,0.11246381619354776,0.007661834018834898,0.2172657983682606
3,cbcl,cbcl_scr_syn_attention_r,POOLED_ANNUAL,CBCL Attention,-1.439354283620882,0.11023956860263275,0.006700282294863705,0.21377885491040177
3,cbcl,cbcl_scr_syn_attention_r,POOLED_ANNUAL,CBCL Attention,-1.4103131658226353,0.10801532101171775,0.005730554155520956,0.21030008786791454
3,cbcl,cbcl_scr_syn_attention_r,POOLED_ANNUAL,CBCL Attention,-1.3812720480243887,0.10579107342080275,0.004752345039741215,0.20682980180186428
3,cbcl,cbcl_scr_syn_attention_r,POOLED_ANNUAL,CBCL Attention,-1.3522309302261422,0.10356682582988774,0.003765337287740478,0.203368314372035
3,cbcl,cbcl_scr_syn_attention_r,POOLED_ANNUAL,CBCL Attention,-1.3231898124278956,0.10134257823897275,0.0027691995917649564,0.19991595688618052
3,cbcl,cbcl_scr_syn_attention_r,POOLED_ANNUAL,CBCL Attention,-1.294148694629649,0.09911833064805774,0.0017635864341557644,0.1964730748619597
3,cbcl,cbcl_scr_syn_attention_r,POOLED_ANNUAL,CBCL Attention,-1.2651075768314026,0.09689408305714275,0.000748137514370209,0.19304002859991531
3,cbcl,cbcl_scr_syn_attention_r,POOLED_ANNUAL,CBCL Attention,-1.236066459033156,0.09466983546622776,-0.0002775228330125501,0.18961719376546807
3,cbcl,cbcl_scr_syn_attention_r,POOLED_ANNUAL,CBCL Attention,-1.2070253412349095,0.09244558787531276,-0.0013137862268317035,0.18620496197745723
3,cbcl,cbcl_scr_syn_attention_r,POOLED_ANNUAL,CBCL Attention,-1.1779842234366629,0.09022134028439775,-0.002361060831464784,0.1828037414002603
3,cbcl,cbcl_scr_syn_attention_r,POOLED_ANNUAL,CBCL Attention,-1.1489431056384163,0.08799709269348276,-0.0034197719490003803,0.17941395733596588
3,cbcl,cbcl_scr_syn_attention_r,POOLED_ANNUAL,CBCL Attention,-1.1199019878401697,0.08577284510256775,-0.00449036260731106,0.17603605281244655
3,cbcl,cbcl_scr_syn_attention_r,POOLED_ANNUAL,CBCL Attention,-1.0908608700419231,0.08354859751165275,-0.005573294139177898,0.1726704891624834
3,cbcl,cbcl_scr_syn_attention_r,POOLED_ANNUAL,CBCL Attention,-1.0618197522436765,0.08132434992073775,-0.006669046746848012,0.16931774658832352
3,cbcl,cbcl_scr_syn_attention_r,POOLED_ANNUAL,CBCL Attention,-1.03277863444543,0.07910010232982274,-0.007778120045562095,0.16597832470520757
3,cbcl,cbcl_scr_syn_attention_r,POOLED_ANNUAL,CBCL Attention,-1.0037375166471834,0.07687585473890775,-0.008901033578666326,0.1626527430564818
3,cbcl,cbcl_scr_syn_attention_r,POOLED_ANNUAL,CBCL Attention,-0.9746963988489368,0.07465160714799274,-0.010038327295926616,0.1593415415919121
3,cbcl,cbcl_scr_syn_attention_r,POOLED_ANNUAL,CBCL Attention,-0.9456552810506902,0.07242735955707774,-0.011190561985592568,0.15604528109974805
3,cbcl,cbcl_scr_syn_attention_r,POOLED_ANNUAL,CBCL Attention,-0.9166141632524436,0.07020311196616275,-0.012358319649622626,0.15276454358194813
3,cbcl,cbcl_scr_syn_attention_r,POOLED_ANNUAL,CBCL Attention,-0.887573045454197,0.06797886437524774,-0.013542203810288617,0.1494999325607841
3,cbcl,cbcl_scr_syn_attention_r,POOLED_ANNUAL,CBCL Attention,-0.8585319276559504,0.06575461678433274,-0.014742839735142219,0.14625207330380768
3,cbcl,cbcl_scr_syn_attention_r,POOLED_ANNUAL,CBCL Attention,-0.8294908098577038,0.06353036919341773,-0.01596087456606614,0.1430216129529016
3,cbcl,cbcl_scr_syn_attention_r,POOLED_ANNUAL,CBCL Attention,-0.8004496920594573,0.061306121602502726,-0.01719697733687437,0.13980922054187983
3,cbcl,cbcl_scr_syn_attention_r,POOLED_ANNUAL,CBCL Attention,-0.7714085742612107,0.05908187401158772,-0.018451838862700742,0.1366155868858762
3,cbcl,cbcl_scr_syn_attention_r,POOLED_ANNUAL,CBCL Attention,-0.7423674564629641,0.05685762642067272,-0.0197261714832613,0.13344142432460673
3,cbcl,cbcl_scr_syn_attention_r,POOLED_ANNUAL,CBCL Attention,-0.7133263386647175,0.054633378829757724,-0.021020708641043474,0.13028746630055893
3,cbcl,cbcl_scr_syn_attention_r,POOLED_ANNUAL,CBCL Attention,-0.6842852208664709,0.05240913123884272,-0.02233620427461723,0.1271544667523027
3,cbcl,cbcl_scr_syn_attention_r,POOLED_ANNUAL,CBCL Attention,-0.6552441030682243,0.05018488364792772,-0.02367343200664692,0.12404319930250235
3,cbcl,cbcl_scr_syn_attention_r,POOLED_ANNUAL,CBCL Attention,-0.6262029852699778,0.047960636057012715,-0.025033184105881207,0.12095445621990664
3,cbcl,cbcl_scr_syn_attention_r,POOLED_ANNUAL,CBCL Attention,-0.5971618674717312,0.04573638846609771,-0.02641627020249219,0.11788904713468762
3,cbcl,cbcl_scr_syn_attention_r,POOLED_ANNUAL,CBCL Attention,-0.5681207496734846,0.043512140875182716,-0.027823515736712358,0.1148477974870778
3,cbcl,cbcl_scr_syn_attention_r,POOLED_ANNUAL,CBCL Attention,-0.539079631875238,0.04128789328426771,-0.029255760121870866,0.11183154669040629
3,cbcl,cbcl_scr_syn_attention_r,POOLED_ANNUAL,CBCL Attention,-0.5100385140769914,0.03906364569335271,-0.03071385460474934,0.10884114599145475
3,cbcl,cbcl_scr_syn_attention_r,POOLED_ANNUAL,CBCL Attention,-0.4809973962787448,0.036839398102437707,-0.032198659808752736,0.10587745601362815
3,cbcl,cbcl_scr_syn_attention_r,POOLED_ANNUAL,CBCL Attention,-0.45195627848049824,0.0346151505115227,-0.03371104294879796,0.10294134397184337
3,cbcl,cbcl_scr_syn_attention_r,POOLED_ANNUAL,CBCL Attention,-0.42291516068225166,0.03239090292060771,-0.03525187471112821,0.10003368055234363
3,cbcl,cbcl_scr_syn_attention_r,POOLED_ANNUAL,CBCL Attention,-0.39387404288400507,0.030166655329692704,-0.03682202579650061,0.09715533645588602
3,cbcl,cbcl_scr_syn_attention_r,POOLED_ANNUAL,CBCL Attention,-0.3648329250857585,0.0279424077387777,-0.03842236313137728,0.09430717860893267
3,cbcl,cbcl_scr_syn_attention_r,POOLED_ANNUAL,CBCL Attention,-0.3357918072875119,0.0257181601478627,-0.0400537457588431,0.0914900660545685
3,cbcl,cbcl_scr_syn_attention_r,POOLED_ANNUAL,CBCL Attention,-0.3067506894892653,0.0234939125569477,-0.04171702042889433,0.08870484554278973
3,cbcl,cbcl_scr_syn_attention_r,POOLED_ANNUAL,CBCL Attention,-0.27770957169101873,0.021269664966032695,-0.04341301691635702,0.0859523468484224
3,cbcl,cbcl_scr_syn_attention_r,POOLED_ANNUAL,CBCL Attention,-0.24866845389277215,0.019045417375117696,-0.04514254310380625,0.08323337785404164
3,cbcl,cbcl_scr_syn_attention_r,POOLED_ANNUAL,CBCL Attention,-0.21962733609452556,0.016821169784202693,-0.04690637987621029,0.08054871944461567
3,cbcl,cbcl_scr_syn_attention_r,POOLED_ANNUAL,CBCL Attention,-0.19058621829627898,0.014596922193287693,-0.048705275883303076,0.07789912026987846
3,cbcl,cbcl_scr_syn_attention_r,POOLED_ANNUAL,CBCL Attention,-0.16154510049803283,0.012372674602372725,-0.05053994223452646,0.0752852914392719
3,cbcl,cbcl_scr_syn_attention_r,POOLED_ANNUAL,CBCL Attention,-0.13250398269978625,0.010148427011457725,-0.05241104719937682,0.07270790122229227
3,cbcl,cbcl_scr_syn_attention_r,POOLED_ANNUAL,CBCL Attention,-0.10346286490153966,0.007924179420542722,-0.05431921099271068,0.07016756983379613
3,cbcl,cbcl_scr_syn_attention_r,POOLED_ANNUAL,CBCL Attention,-0.07442174710329308,0.005699931829627721,-0.056265000729589405,0.06766486438884485
3,cbcl,cbcl_scr_syn_attention_r,POOLED_ANNUAL,CBCL Attention,-0.045380629305046494,0.003475684238712719,-0.05824892563717872,0.06520029411460415
3,cbcl,cbcl_scr_syn_attention_r,POOLED_ANNUAL,CBCL Attention,-0.01633951150679991,0.0012514366477977175,-0.06027143261172795,0.06277430590732339
3,cbcl,cbcl_scr_syn_attention_r,POOLED_ANNUAL,CBCL Attention,0.012701606291446677,-0.0009728109431172842,-0.062332902206489876,0.06038728032025531
3,cbcl,cbcl_scr_syn_attention_r,POOLED_ANNUAL,CBCL Attention,0.04174272408969326,-0.003197058534032286,-0.06443364513146735,0.058039528063402776
3,cbcl,cbcl_scr_syn_attention_r,POOLED_ANNUAL,CBCL Attention,0.07078384188793985,-0.005421306124947288,-0.06657389933808863,0.05573128708819406
3,cbcl,cbcl_scr_syn_attention_r,POOLED_ANNUAL,CBCL Attention,0.09982495968618643,-0.007645553715862289,-0.06875382775146036,0.05346272031973577
3,cbcl,cbcl_scr_syn_attention_r,POOLED_ANNUAL,CBCL Attention,0.12886607748443302,-0.009869801306777292,-0.07097351670002144,0.05123391408646685
3,cbcl,cbcl_scr_syn_attention_r,POOLED_ANNUAL,CBCL Attention,0.1579071952826796,-0.012094048897692292,-0.07323297507765103,0.04904487728226644
3,cbcl,cbcl_scr_syn_attention_r,POOLED_ANNUAL,CBCL Attention,0.1869483130809262,-0.014318296488607295,-0.07553213425711625,0.046895541279901656
3,cbcl,cbcl_scr_syn_attention_r,POOLED_ANNUAL,CBCL Attention,0.21598943087917277,-0.016542544079522298,-0.07787084875681832,0.04478576059777373
3,cbcl,cbcl_scr_syn_attention_r,POOLED_ANNUAL,CBCL Attention,0.24503054867741936,-0.018766791670437297,-0.08024889764578752,0.04271531430491293
3,cbcl,cbcl_scr_syn_attention_r,POOLED_ANNUAL,CBCL Attention,0.27407166647566594,-0.0209910392613523,-0.08266598665547795,0.04068390813277335
3,cbcl,cbcl_scr_syn_attention_r,POOLED_ANNUAL,CBCL Attention,0.30311278427391253,-0.0232152868522673,-0.08512175095177121,0.038691177247236606
3,cbcl,cbcl_scr_syn_attention_r,POOLED_ANNUAL,CBCL Attention,0.3321539020721591,-0.025439534443182303,-0.08761575850728251,0.03673668962091791
3,cbcl,cbcl_scr_syn_attention_r,POOLED_ANNUAL,CBCL Attention,0.3611950198704057,-0.027663782034097303,-0.09014751400303662,0.03481994993484201
3,cbcl,cbcl_scr_syn_attention_r,POOLED_ANNUAL,CBCL Attention,0.3902361376686523,-0.029888029625012306,-0.09271646318016576,0.03294040393014115
3,cbcl,cbcl_scr_syn_attention_r,POOLED_ANNUAL,CBCL Attention,0.41927725546689887,-0.032112277215927305,-0.09532199755665846,0.031097443124803857
3,cbcl,cbcl_scr_syn_attention_r,POOLED_ANNUAL,CBCL Attention,0.44831837326514545,-0.03433652480684231,-0.09796345942138729,0.029290409807702672
3,cbcl,cbcl_scr_syn_attention_r,POOLED_ANNUAL,CBCL Attention,0.47735949106339204,-0.03656077239775731,-0.10064014701755794,0.02751860222204331
3,cbcl,cbcl_scr_syn_attention_r,POOLED_ANNUAL,CBCL Attention,0.5064006088616386,-0.038785019988672315,-0.1033513198301294,0.025781279852784778
3,cbcl,cbcl_scr_syn_attention_r,POOLED_ANNUAL,CBCL Attention,0.5354417266598852,-0.04100926757958731,-0.10609620389633341,0.02407766873715879
3,cbcl,cbcl_scr_syn_attention_r,POOLED_ANNUAL,CBCL Attention,0.5644828444581318,-0.043233515170502314,-0.10887399706479078,0.02240696672378615
3,cbcl,cbcl_scr_syn_attention_r,POOLED_ANNUAL,CBCL Attention,0.5935239622563784,-0.04545776276141732,-0.11168387413646098,0.02076834861362635
3,cbcl,cbcl_scr_syn_attention_r,POOLED_ANNUAL,CBCL Attention,0.622565080054625,-0.04768201035233232,-0.114524991829343,0.01916097112467837
3,cbcl,cbcl_scr_syn_attention_r,POOLED_ANNUAL,CBCL Attention,0.6516061978528715,-0.04990625794324732,-0.11739649351805716,0.01758397763156251
3,cbcl,cbcl_scr_syn_attention_r,POOLED_ANNUAL,CBCL Attention,0.6806473156511181,-0.05213050553416232,-0.12029751370880415,0.01603650264047951
3,cbcl,cbcl_scr_syn_attention_r,POOLED_ANNUAL,CBCL Attention,0.7096884334493647,-0.05435475312507732,-0.12322718221938961,0.01451767596923497
3,cbcl,cbcl_scr_syn_attention_r,POOLED_ANNUAL,CBCL Attention,0.7387295512476109,-0.05657900071599229,-0.12618462804275005,0.013026626610765472
3,cbcl,cbcl_scr_syn_attention_r,POOLED_ANNUAL,CBCL Attention,0.7677706690458579,-0.05880324830690733,-0.12916898288051162,0.011562486266696974
3,cbcl,cbcl_scr_syn_attention_r,POOLED_ANNUAL,CBCL Attention,0.796811786844104,-0.0610274958978223,-0.13217938434040266,0.010124392544758075
3,cbcl,cbcl_scr_syn_attention_r,POOLED_ANNUAL,CBCL Attention,0.8258529046423511,-0.06325174348873733,-0.13521497879774008,0.008711491820265427
3,cbcl,cbcl_scr_syn_attention_r,POOLED_ANNUAL,CBCL Attention,0.8548940224405972,-0.0654759910796523,-0.13827492392666196,0.0073229417673573854
3,cbcl,cbcl_scr_syn_attention_r,POOLED_ANNUAL,CBCL Attention,0.8839351402388442,-0.06770023867056732,-0.1413583909113002,0.005957913570165549
3,cbcl,cbcl_scr_syn_attention_r,POOLED_ANNUAL,CBCL Attention,0.9129762580370904,-0.06992448626148229,-0.1444645663506904,0.0046155938277258335
3,cbcl,cbcl_scr_syn_attention_r,POOLED_ANNUAL,CBCL Attention,0.9420173758353374,-0.07214873385239733,-0.1475926538739814,0.0032951861691867396
3,cbcl,cbcl_scr_syn_attention_r,POOLED_ANNUAL,CBCL Attention,0.9710584936335835,-0.0743729814433123,-0.15074187548448462,0.001995912597860028
3,cbcl,cbcl_scr_syn_attention_r,POOLED_ANNUAL,CBCL Attention,1.0000996114318306,-0.07659722903422733,-0.15391147265240854,0.0007170145839538733
3,cbcl,cbcl_scr_syn_attention_r,POOLED_ANNUAL,CBCL Attention,1.0291407292300767,-0.0788214766251423,-0.1571007071768165,-0.0005422460734681028
3,cbcl,cbcl_scr_syn_attention_r,POOLED_ANNUAL,CBCL Attention,1.0581818470283237,-0.08104572421605734,-0.16030886183755128,-0.001782586594563415
3,cbcl,cbcl_scr_syn_attention_r,POOLED_ANNUAL,CBCL Attention,1.0872229648265699,-0.0832699718069723,-0.16353524085764348,-0.0030047027563011447
3,cbcl,cbcl_scr_syn_attention_r,POOLED_ANNUAL,CBCL Attention,1.116264082624817,-0.08549421939788734,-0.16677917019617722,-0.004209268599597457
3,cbcl,cbcl_scr_syn_attention_r,POOLED_ANNUAL,CBCL Attention,1.145305200423063,-0.08771846698880231,-0.17003999769077122,-0.005396936286833423
3,cbcl,cbcl_scr_syn_attention_r,POOLED_ANNUAL,CBCL Attention,1.17434631822131,-0.08994271457971734,-0.17331709306784188,-0.006568336091592811
3,cbcl,cbcl_scr_syn_attention_r,POOLED_ANNUAL,CBCL Attention,1.2033874360195562,-0.0921669621706323,-0.17660984783767886,-0.007724076503585739
3,cbcl,cbcl_scr_syn_attention_r,POOLED_ANNUAL,CBCL Attention,1.2324285538178033,-0.09439120976154734,-0.1799176750901565,-0.008864744432938193
3,cbcl,cbcl_scr_syn_attention_r,POOLED_ANNUAL,CBCL Attention,1.2614696716160494,-0.09661545735246231,-0.18324000920564476,-0.009990905499279848
3,cbcl,cbcl_scr_syn_attention_r,POOLED_ANNUAL,CBCL Attention,1.2905107894142964,-0.09883970494337735,-0.1865763054944281,-0.01110310439232659
3,cbcl,cbcl_scr_syn_attention_r,POOLED_ANNUAL,CBCL Attention,1.3195519072125426,-0.10106395253429232,-0.18992603977669062,-0.012201865291894015
3,cbcl,cbcl_scr_syn_attention_r,POOLED_ANNUAL,CBCL Attention,1.3485930250107896,-0.10328820012520736,-0.19328870791392821,-0.013287692336486481
3,cbcl,cbcl_scr_syn_attention_r,POOLED_ANNUAL,CBCL Attention,1.3776341428090357,-0.10551244771612232,-0.19666382530149196,-0.014361070130752676
3,cbcl,cbcl_scr_syn_attention_r,POOLED_ANNUAL,CBCL Attention,1.4066752606072828,-0.10773669530703736,-0.200050926330887,-0.01542246428318772
3,cbcl,cbcl_scr_syn_attention_r,POOLED_ANNUAL,CBCL Attention,1.435716378405529,-0.10996094289795233,-0.20344956382943125,-0.016472321966473413
3,cbcl,cbcl_scr_syn_attention_r,POOLED_ANNUAL,CBCL Attention,1.464757496203776,-0.11218519048886735,-0.2068593084839449,-0.01751107249378979
3,cbcl,cbcl_scr_syn_attention_r,POOLED_ANNUAL,CBCL Attention,1.493798614002022,-0.11440943807978232,-0.21027974825427276,-0.0185391279052919
3,cbcl,cbcl_scr_syn_attention_r,POOLED_ANNUAL,CBCL Attention,1.522839731800269,-0.11663368567069736,-0.21371048778166085,-0.019556883559733867
3,cbcl,cbcl_scr_syn_attention_r,POOLED_ANNUAL,CBCL Attention,1.5518808495985152,-0.11885793326161233,-0.21715114779629097,-0.020564718726933703
3,cbcl,cbcl_scr_syn_attention_r,POOLED_ANNUAL,CBCL Attention,1.5809219673967623,-0.12108218085252737,-0.22060136452763884,-0.021562997177415874
3,cbcl,cbcl_scr_syn_attention_r,POOLED_ANNUAL,CBCL Attention,1.6099630851950084,-0.12330642844344233,-0.22406078912074412,-0.02255206776614055
3,cbcl,cbcl_scr_syn_attention_r,POOLED_ANNUAL,CBCL Attention,1.6390042029932554,-0.12553067603435736,-0.22752908706097136,-0.023532265007743344
3,cbcl,cbcl_scr_syn_attention_r,POOLED_ANNUAL,CBCL Attention,1.6680453207915016,-0.12775492362527233,-0.23100593760938481,-0.024503909641159838
3,cbcl,cbcl_scr_syn_attention_r,POOLED_ANNUAL,CBCL Attention,1.6970864385897477,-0.1299791712161873,-0.23449103325046414,-0.025467309181910452
3,cbcl,cbcl_scr_syn_attention_r,POOLED_ANNUAL,CBCL Attention,1.7261275563879948,-0.13220341880710235,-0.23798407915353373,-0.026422758460670964
3,cbcl,cbcl_scr_syn_attention_r,POOLED_ANNUAL,CBCL Attention,1.755168674186241,-0.13442766639801731,-0.24148479264897482,-0.027370540147059794
3,cbcl,cbcl_scr_syn_attention_r,POOLED_ANNUAL,CBCL Attention,1.784209791984488,-0.13665191398893234,-0.2449929027200256,-0.028310925257839084
3,cbcl,cbcl_scr_syn_attention_r,POOLED_ANNUAL,CBCL Attention,1.813250909782734,-0.1388761615798473,-0.24850814951073957,-0.029244173648955027
3,cbcl,cbcl_scr_syn_attention_r,POOLED_ANNUAL,CBCL Attention,1.842292027580981,-0.14110040917076236,-0.25203028385048415,-0.030170534491040554
3,cbcl,cbcl_scr_syn_attention_r,POOLED_ANNUAL,CBCL Attention,1.8713331453792272,-0.14332465676167733,-0.25555906679518386,-0.03109024672817079
3,cbcl,cbcl_scr_syn_attention_r,POOLED_ANNUAL,CBCL Attention,1.9003742631774743,-0.14554890435259235,-0.25909426918537976,-0.03200353951980493
3,cbcl,cbcl_scr_syn_attention_r,POOLED_ANNUAL,CBCL Attention,1.9294153809757204,-0.14777315194350732,-0.26263567122104775,-0.0329106326659669
3,cbcl,cbcl_scr_syn_attention_r,POOLED_ANNUAL,CBCL Attention,1.9584564987739674,-0.14999739953442234,-0.2661830620530263,-0.0338117370158184
3,cbcl,cbcl_scr_syn_attention_r,POOLED_ANNUAL,CBCL Attention,1.9874976165722136,-0.1522216471253373,-0.26973623939081526,-0.03470705485985935
3,cbcl,cbcl_scr_syn_attention_r,POOLED_ANNUAL,CBCL Attention,2.0165387343704606,-0.15444589471625236,-0.27329500912644544,-0.03559678030605927
3,cbcl,cbcl_scr_syn_attention_r,POOLED_ANNUAL,CBCL Attention,2.0455798521687067,-0.15667014230716733,-0.27685918497405865,-0.036481099640276
3,cbcl,cbcl_scr_syn_attention_r,POOLED_ANNUAL,CBCL Attention,2.0746209699669538,-0.15889438989808236,-0.28042858812480176,-0.03736019167136298
3,cbcl,cbcl_scr_syn_attention_r,POOLED_ANNUAL,CBCL Attention,2.1036620877652,-0.16111863748899732,-0.28400304691659817,-0.038234228061396494
3,cbcl,cbcl_scr_syn_attention_r,POOLED_ANNUAL,CBCL Attention,2.132703205563447,-0.16334288507991238,-0.28758239651834316,-0.03910337364148156
3,cbcl,cbcl_scr_syn_attention_r,POOLED_ANNUAL,CBCL Attention,2.161744323361693,-0.16556713267082732,-0.29116647862804457,-0.039967786713610065
3,cbcl,cbcl_scr_syn_attention_r,POOLED_ANNUAL,CBCL Attention,2.19078544115994,-0.16779138026174237,-0.2947551411844267,-0.04082761933905801
3,cbcl,cbcl_scr_syn_attention_r,POOLED_ANNUAL,CBCL Attention,2.2198265589581863,-0.17001562785265734,-0.29834823809150257,-0.04168301761381207
3,cbcl,cbcl_scr_syn_attention_r,POOLED_ANNUAL,CBCL Attention,2.2488676767564333,-0.17223987544357236,-0.3019456289556245,-0.0425341219315202
3,cbcl,cbcl_scr_syn_attention_r,POOLED_ANNUAL,CBCL Attention,2.2779087945546794,-0.17446412303448733,-0.3055471788345186,-0.04338106723445606
3,cbcl,cbcl_scr_syn_attention_r,POOLED_ANNUAL,CBCL Attention,2.3069499123529265,-0.17668837062540238,-0.30915275799782044,-0.04422398325298432
3,cbcl,cbcl_scr_syn_attention_r,POOLED_ANNUAL,CBCL Attention,2.3359910301511726,-0.17891261821631735,-0.31276224169863037,-0.045062994734004325
3,cbcl,cbcl_scr_syn_attention_r,POOLED_ANNUAL,CBCL Attention,2.3650321479494196,-0.18113686580723237,-0.31637550995562264,-0.04589822165884211
3,cbcl,cbcl_scr_syn_attention_r,POOLED_ANNUAL,CBCL Attention,2.3940732657476658,-0.18336111339814734,-0.3199924473452472,-0.046729779451047504
3,cbcl,cbcl_scr_syn_attention_r,POOLED_ANNUAL,CBCL Attention,2.423114383545913,-0.18558536098906236,-0.3236129428035821,-0.0475577791745426
3,cbcl,cbcl_scr_syn_attention_r,POOLED_ANNUAL,CBCL Attention,2.452155501344159,-0.18780960857997733,-0.3272368894374013,-0.04838232772255335
3,cbcl,cbcl_scr_syn_attention_r,POOLED_ANNUAL,CBCL Attention,2.481196619142406,-0.19003385617089238,-0.3308641843440422,-0.04920352799774258
3,cbcl,cbcl_scr_syn_attention_r,POOLED_ANNUAL,CBCL Attention,2.510237736940652,-0.19225810376180735,-0.33449472843966654,-0.05002147908394819
